Date,Open,High,Low,Close,Final,Volume,Value,No,Ticker,Name,Market,Adj Open,Adj High,Adj Low,Adj Close,Adj Final
2023-09-25,64600,71300,64600,68500,66600,4019067,267666905850,2650,آباد,توریستی ورفاهی آبادگران ایران,بورس,64600,71300,64600,68500,66600
2023-09-26,69390,69400,66000,66810,67840,1149596,77984762660,1275,آباد,توریستی ورفاهی آبادگران ایران,بورس,69390,69400,66000,66810,67840
2023-09-27,66700,69200,64450,64570,65150,1163823,75818163350,1453,آباد,توریستی ورفاهی آبادگران ایران,بورس,66700,69200,64450,64570,65150
2023-09-30,64020,64990,61900,61900,62360,581181,36242603280,750,آباد,توریستی ورفاهی آبادگران ایران,بورس,64020,64990,61900,61900,62360
2023-10-01,59250,61500,59250,59970,59890,2890752,173139473230,1510,آباد,توریستی ورفاهی آبادگران ایران,بورس,59250,61500,59250,59970,59890
2023-10-02,61000,62880,60010,62880,62370,990183,61756837610,778,آباد,توریستی ورفاهی آبادگران ایران,بورس,61000,62880,60010,62880,62370
2023-10-04,65460,65480,64010,65480,65370,2639907,172570801120,1222,آباد,توریستی ورفاهی آبادگران ایران,بورس,65460,65480,64010,65480,65370
2023-10-07,68630,68630,68630,68630,68630,351895,24150553850,194,آباد,توریستی ورفاهی آبادگران ایران,بورس,68630,68630,68630,68630,68630
2023-10-08,72060,72060,65900,72060,70610,6205238,438172288580,3663,آباد,توریستی ورفاهی آبادگران ایران,بورس,72060,72060,65900,72060,70610
2023-10-09,73500,74140,71950,74140,74060,1903005,140934807920,857,آباد,توریستی ورفاهی آبادگران ایران,بورس,73500,74140,71950,74140,74060
2023-10-10,76900,77760,75010,77760,77360,2029138,156965037910,932,آباد,توریستی ورفاهی آبادگران ایران,بورس,76900,77760,75010,77760,77360
2023-10-11,81220,81220,81220,81220,81220,468619,38061235180,220,آباد,توریستی ورفاهی آبادگران ایران,بورس,81220,81220,81220,81220,81220
2023-10-14,85280,85280,78880,80000,83820,7329146,614354260380,5223,آباد,توریستی ورفاهی آبادگران ایران,بورس,85280,85280,78880,80000,83820
2023-10-15,80000,81700,79630,79630,80020,1553666,124325872580,726,آباد,توریستی ورفاهی آبادگران ایران,بورس,80000,81700,79630,79630,80020
2023-10-16,76020,76020,76020,76020,76020,394363,29979475260,281,آباد,توریستی ورفاهی آبادگران ایران,بورس,76020,76020,76020,76020,76020
2023-10-17,72220,76900,72220,75000,73410,7694491,564825339310,4213,آباد,توریستی ورفاهی آبادگران ایران,بورس,72220,76900,72220,75000,73410
2023-10-18,74000,75000,69740,71430,71420,2839030,202760514460,2105,آباد,توریستی ورفاهی آبادگران ایران,بورس,74000,75000,69740,71430,71420
2023-10-21,71240,73570,69110,70490,70880,1589691,112684098860,1382,آباد,توریستی ورفاهی آبادگران ایران,بورس,71240,73570,69110,70490,70880
2023-10-22,70880,70880,67340,68760,68030,2680527,182355410680,2308,آباد,توریستی ورفاهی آبادگران ایران,بورس,70880,70880,67340,68760,68030
2023-10-23,69300,71430,67350,71430,70680,1225527,86619884050,881,آباد,توریستی ورفاهی آبادگران ایران,بورس,69300,71430,67350,71430,70680
2023-09-25,11270,11580,11160,11290,11330,882007,9953595010,684,آبادا,تولید نیروی برق آبادان,بورس,11270,11580,11160,11290,11330
2023-09-26,11040,11290,11000,11150,11160,1008816,11209953070,784,آبادا,تولید نیروی برق آبادان,بورس,11040,11290,11000,11150,11160
2023-09-27,11000,11300,11000,11140,11140,640057,7123113700,636,آبادا,تولید نیروی برق آبادان,بورس,11000,11300,11000,11140,11140
2023-09-30,11160,11430,11100,11150,11170,1017492,11376951520,1120,آبادا,تولید نیروی برق آبادان,بورس,11160,11430,11100,11150,11170
2023-10-01,11000,11390,10850,11010,11120,719102,7958971590,754,آبادا,تولید نیروی برق آبادان,بورس,11000,11390,10850,11010,11120
2023-10-02,11340,11340,10840,11200,11150,1358821,15144882640,774,آبادا,تولید نیروی برق آبادان,بورس,11340,11340,10840,11200,11150
2023-10-04,11430,11430,11120,11120,11270,1208301,13639915250,841,آبادا,تولید نیروی برق آبادان,بورس,11430,11430,11120,11120,11270
2023-10-07,11500,11830,11300,11830,11770,6365473,74891108180,1760,آبادا,تولید نیروی برق آبادان,بورس,11500,11830,11300,11830,11770
2023-10-08,11950,11950,11190,11360,11260,4052762,45616214210,910,آبادا,تولید نیروی برق آبادان,بورس,11950,11950,11190,11360,11260
2023-10-09,11340,11560,11000,11230,11300,951202,10764096730,656,آبادا,تولید نیروی برق آبادان,بورس,11340,11560,11000,11230,11300
2023-10-10,11500,11500,11030,11190,11170,1476594,16488816540,671,آبادا,تولید نیروی برق آبادان,بورس,11500,11500,11030,11190,11170
2023-10-11,11100,11460,11100,11280,11270,1077741,12171993390,619,آبادا,تولید نیروی برق آبادان,بورس,11100,11460,11100,11280,11270
2023-10-14,11670,11670,10900,11190,11180,815219,9064815050,604,آبادا,تولید نیروی برق آبادان,بورس,11670,11670,10900,11190,11180
2023-10-15,10800,11400,10800,10950,11140,764462,8497693020,465,آبادا,تولید نیروی برق آبادان,بورس,10800,11400,10800,10950,11140
2023-10-16,10980,11350,10980,11290,11200,1246072,13963639270,604,آبادا,تولید نیروی برق آبادان,بورس,10980,11350,10980,11290,11200
2023-10-17,11200,11400,11190,11240,11230,960618,10798102390,519,آبادا,تولید نیروی برق آبادان,بورس,11200,11400,11190,11240,11230
2023-10-18,11220,11220,10840,10890,11090,617140,6747741770,484,آبادا,تولید نیروی برق آبادان,بورس,11220,11220,10840,10890,11090
2023-10-21,10770,11250,10770,11080,11120,662415,7387432260,567,آبادا,تولید نیروی برق آبادان,بورس,10770,11250,10770,11080,11120
2023-10-22,10860,11490,10860,11140,11180,775138,8703992440,572,آبادا,تولید نیروی برق آبادان,بورس,10860,11490,10860,11140,11180
2023-10-23,10930,11000,10710,10740,10820,1345030,14553665370,524,آبادا,تولید نیروی برق آبادان,بورس,10930,11000,10710,10740,10820
2023-09-25,7020,7050,6870,6870,6950,2349312,16323998910,315,آپ,آسان پرداخت پرشین,بورس,7020,7050,6870,6870,6950
2023-09-26,6950,7030,6870,6930,6950,1735223,12062502270,261,آپ,آسان پرداخت پرشین,بورس,6950,7030,6870,6930,6950
2023-09-27,6900,7000,6870,6930,6930,2575838,17847705910,313,آپ,آسان پرداخت پرشین,بورس,6900,7000,6870,6930,6930
2023-09-30,7000,7000,6770,6830,6850,2747658,18809648060,466,آپ,آسان پرداخت پرشین,بورس,7000,7000,6770,6830,6850
2023-10-01,6760,6810,6670,6760,6740,3988759,26865151920,486,آپ,آسان پرداخت پرشین,بورس,6760,6810,6670,6760,6740
2023-10-02,6670,6970,6610,6800,6820,2064641,14096007980,313,آپ,آسان پرداخت پرشین,بورس,6670,6970,6610,6800,6820
2023-10-04,6870,7000,6830,6850,6880,1886136,12996601820,235,آپ,آسان پرداخت پرشین,بورس,6870,7000,6830,6850,6880
2023-10-07,6820,6900,6710,6750,6830,1365543,9283269920,265,آپ,آسان پرداخت پرشین,بورس,6820,6900,6710,6750,6830
2023-10-08,6680,6760,6360,6390,6410,6355856,40748579480,643,آپ,آسان پرداخت پرشین,بورس,6680,6760,6360,6390,6410
2023-10-09,6570,6570,6290,6320,6350,3166127,20107048490,366,آپ,آسان پرداخت پرشین,بورس,6570,6570,6290,6320,6350
2023-10-10,6310,6530,6300,6460,6370,2332152,14849026400,206,آپ,آسان پرداخت پرشین,بورس,6310,6530,6300,6460,6370
2023-10-11,6560,6590,6400,6480,6430,1642767,10594977340,247,آپ,آسان پرداخت پرشین,بورس,6560,6590,6400,6480,6430
2023-10-14,6520,6540,6160,6160,6290,2513762,15822691630,375,آپ,آسان پرداخت پرشین,بورس,6520,6540,6160,6160,6290
2023-10-15,6120,6430,6120,6290,6290,1453632,9133955040,223,آپ,آسان پرداخت پرشین,بورس,6120,6430,6120,6290,6290
2023-10-16,6370,6500,6310,6500,6370,1670641,10700325660,262,آپ,آسان پرداخت پرشین,بورس,6370,6500,6310,6500,6370
2023-10-17,6500,6590,6370,6410,6410,1327717,8548970750,207,آپ,آسان پرداخت پرشین,بورس,6500,6590,6370,6410,6410
2023-10-18,6310,6350,6170,6170,6230,2800600,17458745600,296,آپ,آسان پرداخت پرشین,بورس,6310,6350,6170,6170,6230
2023-10-21,6230,6390,6160,6210,6240,1373394,8588982520,199,آپ,آسان پرداخت پرشین,بورس,6230,6390,6160,6210,6240
2023-10-22,6360,6400,6230,6250,6300,2549530,16053992590,252,آپ,آسان پرداخت پرشین,بورس,6360,6400,6230,6250,6300
2023-10-23,6240,6250,6120,6220,6180,2170350,13373648200,282,آپ,آسان پرداخت پرشین,بورس,6240,6250,6120,6220,6180
2023-09-25,1987,2026,1950,2009,1992,37432712,74555659601,561,آسیا,بیمه آسیا,بورس,1987,2026,1950,2009,1992
2023-09-26,2030,2131,1992,2091,2110,43669486,92161045605,1090,آسیا,بیمه آسیا,بورس,2030,2131,1992,2091,2110
2023-09-27,2100,2124,2019,2095,2075,16241502,33700287272,634,آسیا,بیمه آسیا,بورس,2100,2124,2019,2095,2075
2023-09-30,2078,2119,2042,2070,2064,15882290,32779706384,345,آسیا,بیمه آسیا,بورس,2078,2119,2042,2070,2064
2023-10-01,2069,2089,2015,2015,2046,10463858,21373121380,254,آسیا,بیمه آسیا,بورس,2069,2089,2015,2015,2046
2023-10-02,2001,2069,2001,2020,2031,10928678,22174497488,326,آسیا,بیمه آسیا,بورس,2001,2069,2001,2020,2031
2023-10-04,2004,2100,2004,2060,2050,7872213,16219141133,242,آسیا,بیمه آسیا,بورس,2004,2100,2004,2060,2050
2023-10-07,2063,2075,2000,2030,2027,15805873,32039145061,403,آسیا,بیمه آسیا,بورس,2063,2075,2000,2030,2027
2023-10-08,2036,2036,1920,1971,2005,30729529,61617387439,509,آسیا,بیمه آسیا,بورس,2036,2036,1920,1971,2005
2023-10-09,2058,2058,1951,1979,1992,7255385,14388314602,195,آسیا,بیمه آسیا,بورس,2058,2058,1951,1979,1992
2023-10-10,1940,2020,1935,2017,1995,21809086,43505732473,318,آسیا,بیمه آسیا,بورس,1940,2020,1935,2017,1995
2023-10-11,1960,2078,1960,2068,2014,21849635,44002759287,416,آسیا,بیمه آسیا,بورس,1960,2078,1960,2068,2014
2023-10-14,2080,2080,1975,2020,2016,27971376,56399480576,554,آسیا,بیمه آسیا,بورس,2080,2080,1975,2020,2016
2023-10-15,2070,2070,1981,2045,2004,9077937,18155544275,272,آسیا,بیمه آسیا,بورس,2070,2070,1981,2045,2004
2023-10-16,2050,2050,1992,2010,2009,5576553,11243556491,225,آسیا,بیمه آسیا,بورس,2050,2050,1992,2010,2009
2023-10-17,2000,2050,1992,2010,2011,6021973,12117004684,203,آسیا,بیمه آسیا,بورس,2000,2050,1992,2010,2011
2023-10-18,1985,2020,1926,2013,1995,13951962,27832954919,329,آسیا,بیمه آسیا,بورس,1985,2020,1926,2013,1995
2023-10-21,1920,2028,1920,2005,1995,17457814,34831152366,229,آسیا,بیمه آسیا,بورس,1920,2028,1920,2005,1995
2023-10-22,2004,2005,1976,2000,1998,12279816,24539410557,232,آسیا,بیمه آسیا,بورس,2004,2005,1976,2000,1998
2023-10-23,1964,1998,1960,1976,1985,9541591,18906037127,195,آسیا,بیمه آسیا,بورس,1964,1998,1960,1976,1985
2023-09-25,13500,13510,13250,13280,13480,1483135,19817360340,686,اپال,فرآوری معدنی اپال کانی پارس,بورس,13500,13510,13250,13280,13480
2023-09-26,13420,13430,13200,13220,13450,1235369,16383867620,686,اپال,فرآوری معدنی اپال کانی پارس,بورس,13420,13430,13200,13220,13450
2023-09-27,13230,13460,13140,13420,13380,3066876,40682061900,1176,اپال,فرآوری معدنی اپال کانی پارس,بورس,13230,13460,13140,13420,13380
2023-09-30,13370,13440,13200,13390,13370,1650273,21987370340,885,اپال,فرآوری معدنی اپال کانی پارس,بورس,13370,13440,13200,13390,13370
2023-10-01,13220,13370,13040,13100,13330,1513161,19896830290,797,اپال,فرآوری معدنی اپال کانی پارس,بورس,13220,13370,13040,13100,13330
2023-10-02,13010,13230,12980,13100,13270,1656219,21616011370,874,اپال,فرآوری معدنی اپال کانی پارس,بورس,13010,13230,12980,13100,13270
2023-10-04,13080,13220,13080,13160,13260,867502,11410206280,593,اپال,فرآوری معدنی اپال کانی پارس,بورس,13080,13220,13080,13160,13260
2023-10-07,13200,13240,12890,13020,13200,1672465,21721377400,707,اپال,فرآوری معدنی اپال کانی پارس,بورس,13200,13240,12890,13020,13200
2023-10-08,12920,12960,12540,12560,12950,3189976,40132326660,962,اپال,فرآوری معدنی اپال کانی پارس,بورس,12920,12960,12540,12560,12950
2023-10-09,12390,12800,12390,12600,12890,1359498,17160199930,481,اپال,فرآوری معدنی اپال کانی پارس,بورس,12390,12800,12390,12600,12890
2023-10-10,12430,13200,12430,12940,12870,1262706,16132075560,491,اپال,فرآوری معدنی اپال کانی پارس,بورس,12430,13200,12430,12940,12870
2023-10-11,13000,13020,12600,12640,12850,948026,12067213340,557,اپال,فرآوری معدنی اپال کانی پارس,بورس,13000,13020,12600,12640,12850
2023-10-14,12440,12690,12270,12470,12810,795753,9873083310,399,اپال,فرآوری معدنی اپال کانی پارس,بورس,12440,12690,12270,12470,12810
2023-10-15,12470,12720,12300,12580,12780,697603,8679922940,332,اپال,فرآوری معدنی اپال کانی پارس,بورس,12470,12720,12300,12580,12780
2023-10-16,12430,13150,12430,12790,12780,1145604,14622736030,481,اپال,فرآوری معدنی اپال کانی پارس,بورس,12430,13150,12430,12790,12780
2023-10-17,12530,13070,12530,12790,12790,1017100,13068358690,383,اپال,فرآوری معدنی اپال کانی پارس,بورس,12530,13070,12530,12790,12790
2023-10-18,12550,12620,12200,12500,12750,731624,9076667940,384,اپال,فرآوری معدنی اپال کانی پارس,بورس,12550,12620,12200,12500,12750
2023-10-21,12270,12690,12270,12480,12710,1381804,17279727540,342,اپال,فرآوری معدنی اپال کانی پارس,بورس,12270,12690,12270,12480,12710
2023-10-22,12410,12650,12400,12600,12690,1000810,12552777880,322,اپال,فرآوری معدنی اپال کانی پارس,بورس,12410,12650,12400,12600,12690
2023-10-23,12450,12670,12430,12550,12680,441366,5531877650,246,اپال,فرآوری معدنی اپال کانی پارس,بورس,12450,12670,12430,12550,12680
2023-09-25,5650,5650,5480,5490,5630,763698,4231816200,247,اتکام,بیمه اتکایی امین,بورس,5650,5650,5480,5490,5630
2023-09-26,5610,5610,5530,5600,5630,236258,1314329690,94,اتکام,بیمه اتکایی امین,بورس,5610,5610,5530,5600,5630
2023-09-27,5490,5670,5490,5610,5630,290336,1622810890,67,اتکام,بیمه اتکایی امین,بورس,5490,5670,5490,5610,5630
2023-09-30,5540,5600,5420,5490,5610,773184,4281116190,70,اتکام,بیمه اتکایی امین,بورس,5540,5600,5420,5490,5610
2023-10-01,5530,5550,5400,5460,5590,436717,2398150040,62,اتکام,بیمه اتکایی امین,بورس,5530,5550,5400,5460,5590
2023-10-02,5460,5490,5410,5410,5560,631802,3441168390,97,اتکام,بیمه اتکایی امین,بورس,5460,5490,5410,5410,5560
2023-10-04,5420,5510,5420,5500,5560,75906,415267460,33,اتکام,بیمه اتکایی امین,بورس,5420,5510,5420,5500,5560
2023-10-07,5410,5450,5390,5390,5550,319174,1726846830,58,اتکام,بیمه اتکایی امین,بورس,5410,5450,5390,5390,5550
2023-10-08,5390,5500,5280,5300,5490,827294,4413366770,83,اتکام,بیمه اتکایی امین,بورس,5390,5500,5280,5300,5490
2023-10-09,5260,5400,5260,5340,5480,263546,1405146030,36,اتکام,بیمه اتکایی امین,بورس,5260,5400,5260,5340,5480
2023-10-10,5320,5460,5300,5350,5470,344454,1843270740,39,اتکام,بیمه اتکایی امین,بورس,5320,5460,5300,5350,5470
2023-10-11,5460,5460,5260,5290,5460,229996,1221858190,69,اتکام,بیمه اتکایی امین,بورس,5460,5460,5260,5290,5460
2023-10-14,5250,5260,5190,5190,5370,1164630,6060635810,88,اتکام,بیمه اتکایی امین,بورس,5250,5260,5190,5190,5370
2023-10-15,5110,5300,5110,5260,5350,349501,1825716240,149,اتکام,بیمه اتکایی امین,بورس,5110,5300,5110,5260,5350
2023-10-16,5210,5280,5120,5120,5310,608857,3143652930,103,اتکام,بیمه اتکایی امین,بورس,5210,5280,5120,5120,5310
2023-10-17,5200,5380,5080,5090,5260,1589452,8283009140,483,اتکام,بیمه اتکایی امین,بورس,5200,5380,5080,5090,5260
2023-10-18,5090,5280,5050,5050,5220,828151,4226663850,314,اتکام,بیمه اتکایی امین,بورس,5090,5280,5050,5050,5220
2023-10-21,5010,5200,5010,5090,5200,537677,2747981880,148,اتکام,بیمه اتکایی امین,بورس,5010,5200,5010,5090,5200
2023-10-22,5180,5410,5070,5240,5210,2614108,13617967110,271,اتکام,بیمه اتکایی امین,بورس,5180,5410,5070,5240,5210
2023-10-23,5290,5290,5120,5120,5200,514071,2661691370,113,اتکام,بیمه اتکایی امین,بورس,5290,5290,5120,5120,5200
2023-09-25,10000,10050,9720,9740,9920,7886406,77760576790,859,اخابر,مخابرات ایران,بورس,10000,10050,9720,9740,9920
2023-09-26,9630,10110,9630,9890,9930,7313576,72661392670,711,اخابر,مخابرات ایران,بورس,9630,10110,9630,9890,9930
2023-09-27,9930,10060,9690,9730,9870,9795340,96574452310,1002,اخابر,مخابرات ایران,بورس,9930,10060,9690,9730,9870
2023-09-30,9750,9930,9400,9520,9640,10862506,104434719650,1237,اخابر,مخابرات ایران,بورس,9750,9930,9400,9520,9640
2023-10-01,9440,9650,9320,9530,9460,10404414,98128001260,1042,اخابر,مخابرات ایران,بورس,9440,9650,9320,9530,9460
2023-10-02,9460,9700,9400,9550,9510,6035016,57660575470,878,اخابر,مخابرات ایران,بورس,9460,9700,9400,9550,9510
2023-10-04,9570,9780,9440,9510,9540,6216391,59510227910,875,اخابر,مخابرات ایران,بورس,9570,9780,9440,9510,9540
2023-10-07,9490,9500,8880,8880,9090,18931561,172136188850,1919,اخابر,مخابرات ایران,بورس,9490,9500,8880,8880,9090
2023-10-08,8630,8870,8460,8590,8500,31398264,266767882230,2305,اخابر,مخابرات ایران,بورس,8630,8870,8460,8590,8500
2023-10-09,8220,8700,8220,8500,8530,13428376,114484696680,1131,اخابر,مخابرات ایران,بورس,8220,8700,8220,8500,8530
2023-10-10,8640,8890,8440,8820,8650,16644265,143914391140,1121,اخابر,مخابرات ایران,بورس,8640,8890,8440,8820,8650
2023-10-11,8790,8970,8490,8580,8650,9796401,84748177070,999,اخابر,مخابرات ایران,بورس,8790,8970,8490,8580,8650
2023-10-14,8500,8600,8260,8340,8460,9528472,79851378010,928,اخابر,مخابرات ایران,بورس,8500,8600,8260,8340,8460
2023-10-15,8260,8550,8250,8340,8380,10640682,88846610700,919,اخابر,مخابرات ایران,بورس,8260,8550,8250,8340,8380
2023-10-16,8450,8790,8360,8670,8510,6984368,60278013990,970,اخابر,مخابرات ایران,بورس,8450,8790,8360,8670,8510
2023-10-17,8690,8790,8500,8510,8560,6568307,56577116150,657,اخابر,مخابرات ایران,بورس,8690,8790,8500,8510,8560
2023-10-18,8140,8380,8130,8200,8280,11481663,94450103950,1183,اخابر,مخابرات ایران,بورس,8140,8380,8130,8200,8280
2023-10-21,8130,8350,8120,8150,8250,9474628,78023197390,1021,اخابر,مخابرات ایران,بورس,8130,8350,8120,8150,8250
2023-10-22,8220,8430,8210,8290,8290,8715388,72429398660,977,اخابر,مخابرات ایران,بورس,8220,8430,8210,8290,8290
2023-10-23,8250,8370,8140,8180,8220,9871888,80883395440,665,اخابر,مخابرات ایران,بورس,8250,8370,8140,8180,8220
2023-09-25,11190,11310,10820,10900,11030,16533128,182421458910,2163,اسیاتک,انتقال داده های آسیاتک,بورس,11190,11310,10820,10900,11030
2023-09-26,10980,11040,10730,10800,10880,8403238,91455426720,1103,اسیاتک,انتقال داده های آسیاتک,بورس,10980,11040,10730,10800,10880
2023-09-27,10870,11640,10800,11640,11420,23430520,267479854340,2023,اسیاتک,انتقال داده های آسیاتک,بورس,10870,11640,10800,11640,11420
2023-09-30,12100,12100,11530,11580,11820,36388972,430162228680,4021,اسیاتک,انتقال داده های آسیاتک,بورس,12100,12100,11530,11580,11820
2023-10-01,11800,12640,11610,12640,12580,99276048,1249007252430,6294,اسیاتک,انتقال داده های آسیاتک,بورس,11800,12640,11610,12640,12580
2023-10-02,12510,12990,11950,12100,12520,29007900,363241703500,4234,اسیاتک,انتقال داده های آسیاتک,بورس,12510,12990,11950,12100,12520
2023-10-04,12550,13250,12400,12600,12760,22252522,283962163010,2888,اسیاتک,انتقال داده های آسیاتک,بورس,12550,13250,12400,12600,12760
2023-10-07,12570,12760,11870,11900,12010,23816024,285932704260,3000,اسیاتک,انتقال داده های آسیاتک,بورس,12570,12760,11870,11900,12010
2023-10-08,11350,11880,11170,11170,11200,15782844,176805816740,1481,اسیاتک,انتقال داده های آسیاتک,بورس,11350,11880,11170,11170,11200
2023-10-09,11100,11360,10840,11020,11070,10382337,114911851620,1266,اسیاتک,انتقال داده های آسیاتک,بورس,11100,11360,10840,11020,11070
2023-10-10,10870,11460,10870,11400,11260,5563640,62662912110,936,اسیاتک,انتقال داده های آسیاتک,بورس,10870,11460,10870,11400,11260
2023-10-11,11490,11850,11330,11580,11620,8583080,99694734920,1123,اسیاتک,انتقال داده های آسیاتک,بورس,11490,11850,11330,11580,11620
2023-10-14,11150,11970,11150,11300,11580,5546565,64232774190,955,اسیاتک,انتقال داده های آسیاتک,بورس,11150,11970,11150,11300,11580
2023-10-15,11170,11810,11110,11330,11440,3225340,36903743250,795,اسیاتک,انتقال داده های آسیاتک,بورس,11170,11810,11110,11330,11440
2023-10-16,11250,12050,11250,11870,11670,7236553,84454912360,1040,اسیاتک,انتقال داده های آسیاتک,بورس,11250,12050,11250,11870,11670
2023-10-17,11680,11950,11550,11650,11740,4969496,58365818590,980,اسیاتک,انتقال داده های آسیاتک,بورس,11680,11950,11550,11650,11740
2023-10-18,11470,11690,10990,11200,11230,9835100,110460455150,1229,اسیاتک,انتقال داده های آسیاتک,بورس,11470,11690,10990,11200,11230
2023-10-21,11200,11550,11090,11170,11340,5211862,59125456760,873,اسیاتک,انتقال داده های آسیاتک,بورس,11200,11550,11090,11170,11340
2023-10-22,11120,11470,10940,11000,11150,7486068,83497080830,1439,اسیاتک,انتقال داده های آسیاتک,بورس,11120,11470,10940,11000,11150
2023-10-23,10930,10940,10500,10680,10620,9320430,98960295650,1693,اسیاتک,انتقال داده های آسیاتک,بورس,10930,10940,10500,10680,10620
2023-09-25,24000,24030,23750,23780,24020,479426,11464351330,150,افق,فروشگاههای زنجیره ای افق کوروش,بورس,24000,24030,23750,23780,24020
2023-09-26,23990,24000,23620,23990,24000,631972,15077509850,87,افق,فروشگاههای زنجیره ای افق کوروش,بورس,23990,24000,23620,23990,24000
2023-09-27,23890,24090,23840,23840,23990,743167,17780629730,84,افق,فروشگاههای زنجیره ای افق کوروش,بورس,23890,24090,23840,23840,23990
2023-09-30,23940,24000,23840,23940,23950,1769250,42275660620,118,افق,فروشگاههای زنجیره ای افق کوروش,بورس,23940,24000,23840,23940,23950
2023-10-01,24050,24400,23950,24400,24040,1725493,41693232360,193,افق,فروشگاههای زنجیره ای افق کوروش,بورس,24050,24400,23950,24400,24040
2023-10-02,24410,25200,24410,25190,24520,1971981,49406203080,263,افق,فروشگاههای زنجیره ای افق کوروش,بورس,24410,25200,24410,25190,24520
2023-10-04,25190,25490,25070,25280,24600,513853,12949576000,136,افق,فروشگاههای زنجیره ای افق کوروش,بورس,25190,25490,25070,25280,24600
2023-10-07,25200,25420,25200,25300,24790,1108312,28033484640,186,افق,فروشگاههای زنجیره ای افق کوروش,بورس,25200,25420,25200,25300,24790
2023-10-08,25360,25750,25300,25410,25010,1504528,38207363550,284,افق,فروشگاههای زنجیره ای افق کوروش,بورس,25360,25750,25300,25410,25010
2023-10-09,25750,26190,25710,26100,25300,1244253,32306111420,268,افق,فروشگاههای زنجیره ای افق کوروش,بورس,25750,26190,25710,26100,25300
2023-10-10,26120,26550,26100,26450,25810,1925030,50772169330,328,افق,فروشگاههای زنجیره ای افق کوروش,بورس,26120,26550,26100,26450,25810
2023-10-11,26950,27090,26500,27000,26280,1758687,47295666720,407,افق,فروشگاههای زنجیره ای افق کوروش,بورس,26950,27090,26500,27000,26280
2023-10-14,27130,27590,27130,27590,27320,3157278,86914264560,569,افق,فروشگاههای زنجیره ای افق کوروش,بورس,27130,27590,27130,27590,27320
2023-10-15,28650,28650,27000,27750,27550,1511365,42152351570,418,افق,فروشگاههای زنجیره ای افق کوروش,بورس,28650,28650,27000,27750,27550
2023-10-16,28480,28490,27550,27620,27560,1952924,53840744390,289,افق,فروشگاههای زنجیره ای افق کوروش,بورس,28480,28490,27550,27620,27560
2023-10-17,27860,27860,27510,27570,27570,2739165,75527432420,430,افق,فروشگاههای زنجیره ای افق کوروش,بورس,27860,27860,27510,27570,27570
2023-09-25,3230,3270,3192,3227,3237,10097170,32633410718,394,البرز,بیمه البرز,بورس,3230,3270,3192,3227,3237
2023-09-26,3212,3279,3200,3260,3242,12795158,41487383430,276,البرز,بیمه البرز,بورس,3212,3279,3200,3260,3242
2023-09-27,3200,3380,3200,3345,3309,17923797,59313683455,674,البرز,بیمه البرز,بورس,3200,3380,3200,3345,3309
2023-09-30,3340,3369,3239,3260,3300,7284297,23973763985,453,البرز,بیمه البرز,بورس,3340,3369,3239,3260,3300
2023-10-01,3307,3330,3184,3210,3282,4795151,15565154819,328,البرز,بیمه البرز,بورس,3307,3330,3184,3210,3282
2023-10-02,3182,3315,3182,3310,3278,6892064,22565085389,286,البرز,بیمه البرز,بورس,3182,3315,3182,3310,3278
2023-10-04,3240,3335,3240,3280,3278,2350570,7699883369,177,البرز,بیمه البرز,بورس,3240,3335,3240,3280,3278
2023-10-07,3280,3500,3258,3400,3441,43804304,150752300221,1466,البرز,بیمه البرز,بورس,3280,3500,3258,3400,3441
2023-10-08,3360,3426,3201,3210,3235,13611396,43953633003,943,البرز,بیمه البرز,بورس,3360,3426,3201,3210,3235
2023-10-09,3200,3290,3147,3160,3214,6362289,20281469322,335,البرز,بیمه البرز,بورس,3200,3290,3147,3160,3214
2023-10-10,3229,3331,3136,3285,3219,8173452,26345659909,361,البرز,بیمه البرز,بورس,3229,3331,3136,3285,3219
2023-10-11,3340,3342,3223,3325,3290,22752952,74848730186,565,البرز,بیمه البرز,بورس,3340,3342,3223,3325,3290
2023-10-14,3255,3338,3138,3163,3233,8280897,26447147052,463,البرز,بیمه البرز,بورس,3255,3338,3138,3163,3233
2023-10-15,3140,3265,3140,3181,3227,3006541,9636476728,156,البرز,بیمه البرز,بورس,3140,3265,3140,3181,3227
2023-10-16,3227,3317,3198,3266,3223,8843844,28484302811,449,البرز,بیمه البرز,بورس,3227,3317,3198,3266,3223
2023-10-17,3266,3266,3170,3217,3218,4066734,13038305280,229,البرز,بیمه البرز,بورس,3266,3266,3170,3217,3218
2023-10-18,3161,3229,3080,3199,3191,6515702,20590057555,277,البرز,بیمه البرز,بورس,3161,3229,3080,3199,3191
2023-10-21,3240,3240,3150,3151,3190,4033900,12851833332,242,البرز,بیمه البرز,بورس,3240,3240,3150,3151,3190
2023-10-22,3190,3373,3156,3204,3246,12093338,39361661010,437,البرز,بیمه البرز,بورس,3190,3373,3156,3204,3246
2023-10-23,3270,3300,3208,3238,3241,3397390,10958207995,201,البرز,بیمه البرز,بورس,3270,3300,3208,3238,3241
2023-09-25,5210,5210,4990,5040,5050,1033595,5190318280,129,امید,تامین سرمایه امید,بورس,5210,5210,4990,5040,5050
2023-09-26,5040,5060,5000,5010,5050,384751,1928568870,69,امید,تامین سرمایه امید,بورس,5040,5060,5000,5010,5050
2023-09-27,5030,5070,5000,5010,5050,1030667,5179067960,92,امید,تامین سرمایه امید,بورس,5030,5070,5000,5010,5050
2023-09-30,4980,5040,4920,4940,5020,2137258,10615643310,233,امید,تامین سرمایه امید,بورس,4980,5040,4920,4940,5020
2023-10-01,4940,5000,4910,4980,5010,437200,2157246880,64,امید,تامین سرمایه امید,بورس,4940,5000,4910,4980,5010
2023-10-02,4900,5010,4900,4980,5010,442339,2202202540,81,امید,تامین سرمایه امید,بورس,4900,5010,4900,4980,5010
2023-10-04,5080,5080,4980,5020,5010,563080,2828227530,74,امید,تامین سرمایه امید,بورس,5080,5080,4980,5020,5010
2023-10-07,4960,5040,4900,4980,5010,1483192,7408925280,131,امید,تامین سرمایه امید,بورس,4960,5040,4900,4980,5010
2023-10-08,4920,4920,4770,4870,4980,1059970,5099146320,168,امید,تامین سرمایه امید,بورس,4920,4920,4770,4870,4980
2023-10-09,4920,5040,4830,5020,4980,1462240,7297185360,102,امید,تامین سرمایه امید,بورس,4920,5040,4830,5020,4980
2023-10-10,4980,5030,4890,5030,4980,206332,1026905000,44,امید,تامین سرمایه امید,بورس,4980,5030,4890,5030,4980
2023-10-11,4910,5050,4910,5000,4980,282994,1415772720,50,امید,تامین سرمایه امید,بورس,4910,5050,4910,5000,4980
2023-10-14,4883,5025,4820,5020,4978,596831,2958391315,90,امید,تامین سرمایه امید,بورس,4883,5025,4820,5020,4978
2023-10-15,5000,5077,4990,5000,4980,497953,2490641844,46,امید,تامین سرمایه امید,بورس,5000,5077,4990,5000,4980
2023-10-16,5000,5070,5000,5001,4983,489097,2455588041,77,امید,تامین سرمایه امید,بورس,5000,5070,5000,5001,4983
2023-10-17,5090,5090,4968,5002,4986,722317,3615322580,85,امید,تامین سرمایه امید,بورس,5090,5090,4968,5002,4986
2023-10-18,4891,5033,4887,4969,4986,129374,643742804,64,امید,تامین سرمایه امید,بورس,4891,5033,4887,4969,4986
2023-10-21,4951,5030,4951,5000,4986,747992,3730915359,75,امید,تامین سرمایه امید,بورس,4951,5030,4951,5000,4986
2023-10-22,4859,5060,4859,5020,4987,490779,2455197123,47,امید,تامین سرمایه امید,بورس,4859,5060,4859,5020,4987
2023-10-23,5035,5035,4955,5000,4989,845150,4225690995,37,امید,تامین سرمایه امید,بورس,5035,5035,4955,5000,4989
2023-09-25,6050,6070,5660,5770,5860,8637524,50620681610,1455,امین,تامین سرمایه امین,بورس,6050,6070,5660,5770,5860
2023-09-26,5820,5820,5630,5700,5790,3689808,21088668890,1031,امین,تامین سرمایه امین,بورس,5820,5820,5630,5700,5790
2023-09-27,5790,5790,5590,5630,5740,3250081,18423669300,944,امین,تامین سرمایه امین,بورس,5790,5790,5590,5630,5740
2023-09-30,5740,5760,5510,5520,5660,4089543,22922272320,1139,امین,تامین سرمایه امین,بورس,5740,5760,5510,5520,5660
2023-10-01,5660,5660,5470,5490,5590,3591110,19849426890,911,امین,تامین سرمایه امین,بورس,5660,5660,5470,5490,5590
2023-10-02,5590,5590,5460,5490,5560,2535361,13987312150,717,امین,تامین سرمایه امین,بورس,5590,5590,5460,5490,5560
2023-10-04,5560,5580,5460,5470,5530,3867618,21285927930,961,امین,تامین سرمایه امین,بورس,5560,5580,5460,5470,5530
2023-10-07,5570,5800,5550,5740,5750,23611007,135862879070,1513,امین,تامین سرمایه امین,بورس,5570,5800,5550,5740,5750
2023-10-08,5750,5750,5470,5470,5570,6648976,36962229490,1064,امین,تامین سرمایه امین,بورس,5750,5750,5470,5470,5570
2023-10-09,5650,5650,5320,5390,5500,4097827,22334214530,838,امین,تامین سرمایه امین,بورس,5650,5650,5320,5390,5500
2023-10-10,5500,5500,5330,5400,5460,3788781,20539438910,841,امین,تامین سرمایه امین,بورس,5500,5500,5330,5400,5460
2023-10-11,5460,5630,5410,5480,5530,5887447,32659330770,1118,امین,تامین سرمایه امین,بورس,5460,5630,5410,5480,5530
2023-10-14,5650,5780,5500,5560,5660,9629828,54487494360,1281,امین,تامین سرمایه امین,بورس,5650,5780,5500,5560,5660
2023-10-15,5760,5760,5490,5520,5640,1889467,10569070410,614,امین,تامین سرمایه امین,بورس,5760,5760,5490,5520,5640
2023-10-16,5730,5730,5510,5590,5630,4024730,22602428530,746,امین,تامین سرمایه امین,بورس,5730,5730,5510,5590,5630
2023-10-17,5690,5690,5450,5510,5580,4174172,23136429310,814,امین,تامین سرمایه امین,بورس,5690,5690,5450,5510,5580
2023-10-18,5670,5770,5520,5600,5670,10719618,60823456190,917,امین,تامین سرمایه امین,بورس,5670,5770,5520,5600,5670
2023-10-21,5800,5800,5530,5540,5640,3797995,21297493280,897,امین,تامین سرمایه امین,بورس,5800,5800,5530,5540,5640
2023-10-22,5650,5850,5510,5790,5740,10293292,59033376510,1279,امین,تامین سرمایه امین,بورس,5650,5850,5510,5790,5740
2023-10-23,5840,5900,5610,5640,5730,2070214,11828659210,533,امین,تامین سرمایه امین,بورس,5840,5900,5610,5640,5730
2023-09-25,29160,29750,28300,28300,28760,3426228,98534239860,1882,انرژی,بورس انرژی ایران,بورس,29160,29750,28300,28300,28760
2023-09-26,28760,29700,28200,29080,29060,3623683,105302046090,1433,انرژی,بورس انرژی ایران,بورس,28760,29700,28200,29080,29060
2023-09-27,29200,29730,28810,29100,29290,2705042,79228385710,1200,انرژی,بورس انرژی ایران,بورس,29200,29730,28810,29100,29290
2023-09-30,29590,29590,28300,28800,28580,4280684,122356152910,1926,انرژی,بورس انرژی ایران,بورس,29590,29590,28300,28800,28580
2023-10-01,28790,28790,27870,28000,28040,2902360,81373691210,1574,انرژی,بورس انرژی ایران,بورس,28790,28790,27870,28000,28040
2023-10-02,28040,29490,27900,28660,28610,3987700,114068665520,1613,انرژی,بورس انرژی ایران,بورس,28040,29490,27900,28660,28610
2023-10-04,29170,29170,28250,28750,28650,2036234,58347820770,1006,انرژی,بورس انرژی ایران,بورس,29170,29170,28250,28750,28650
2023-10-07,28780,28950,27550,27700,28060,2919952,81931885320,1354,انرژی,بورس انرژی ایران,بورس,28780,28950,27550,27700,28060
2023-10-08,28000,28000,26100,26100,26190,5801778,151938557140,2651,انرژی,بورس انرژی ایران,بورس,28000,28000,26100,26100,26190
2023-10-09,25300,26850,25300,26450,26200,3750603,98259790050,1441,انرژی,بورس انرژی ایران,بورس,25300,26850,25300,26450,26200
2023-10-10,26500,27800,26200,27800,27000,4056164,109499002320,1652,انرژی,بورس انرژی ایران,بورس,26500,27800,26200,27800,27000
2023-10-11,27540,28020,26620,26670,27110,2242330,60779231250,1033,انرژی,بورس انرژی ایران,بورس,27540,28020,26620,26670,27110
2023-10-14,26880,26880,25390,25490,25840,4394392,113553544950,1942,انرژی,بورس انرژی ایران,بورس,26880,26880,25390,25490,25840
2023-10-15,25840,26190,25280,25710,25610,2674685,68501725330,1427,انرژی,بورس انرژی ایران,بورس,25840,26190,25280,25710,25610
2023-10-16,25920,27400,25610,27400,26940,8594270,231549293720,1972,انرژی,بورس انرژی ایران,بورس,25920,27400,25610,27400,26940
2023-10-17,27020,28140,26160,26910,27280,11436284,312037168750,3415,انرژی,بورس انرژی ایران,بورس,27020,28140,26160,26910,27280
2023-10-18,25750,28000,25720,26840,26900,11648733,313320899890,3335,انرژی,بورس انرژی ایران,بورس,25750,28000,25720,26840,26900
2023-10-21,27300,27980,26890,26910,27150,4549793,123546512040,1839,انرژی,بورس انرژی ایران,بورس,27300,27980,26890,26910,27150
2023-10-22,27200,27450,26710,26850,27010,3923200,105982174720,1792,انرژی,بورس انرژی ایران,بورس,27200,27450,26710,26850,27010
2023-10-23,26980,26980,25900,25900,26240,3981123,104484064110,1815,انرژی,بورس انرژی ایران,بورس,26980,26980,25900,25900,26240
2023-09-25,25890,25900,24700,25120,25380,633841,16085415220,390,بالبر,کابل البرز,بورس,25890,25900,24700,25120,25380
2023-09-26,24990,26640,24590,26640,26300,1201281,31597194110,606,بالبر,کابل البرز,بورس,24990,26640,24590,26640,26300
2023-09-27,27550,27550,26300,26790,27170,1911088,51918052460,863,بالبر,کابل البرز,بورس,27550,27550,26300,26790,27170
2023-09-30,26000,26870,25820,25820,25960,816382,21195623270,576,بالبر,کابل البرز,بورس,26000,26870,25820,25820,25960
2023-10-01,25820,25820,24750,24800,25340,346652,8658452310,290,بالبر,کابل البرز,بورس,25820,25820,24750,24800,25340
2023-10-02,25990,25990,24500,24940,24980,618471,15446513160,265,بالبر,کابل البرز,بورس,25990,25990,24500,24940,24980
2023-10-04,25410,25410,24500,24540,24790,324086,7991658670,325,بالبر,کابل البرز,بورس,25410,25410,24500,24540,24790
2023-10-07,24560,24880,23560,23560,23860,862974,20591957130,405,بالبر,کابل البرز,بورس,24560,24880,23560,23560,23860
2023-10-08,23120,23130,22670,22670,22890,498199,11298430610,309,بالبر,کابل البرز,بورس,23120,23130,22670,22670,22890
2023-10-09,22010,22910,21750,22110,22010,1210654,26651331590,450,بالبر,کابل البرز,بورس,22010,22910,21750,22110,22010
2023-10-10,22250,23110,22120,23110,22490,423551,9611059440,244,بالبر,کابل البرز,بورس,22250,23110,22120,23110,22490
2023-10-11,23610,23610,23610,23610,23060,309702,7312064220,155,بالبر,کابل البرز,بورس,23610,23610,23610,23610,23060
2023-10-14,24210,24210,23260,24210,24070,1392058,33505274890,596,بالبر,کابل البرز,بورس,24210,24210,23260,24210,24070
2023-10-15,24190,25270,24080,25270,25050,1391707,34863265760,549,بالبر,کابل البرز,بورس,24190,25270,24080,25270,25050
2023-10-16,25600,26300,24550,24950,25600,2956631,75686451750,1318,بالبر,کابل البرز,بورس,25600,26300,24550,24950,25600
2023-10-17,25220,25220,24320,24320,24410,1157626,28259481210,686,بالبر,کابل البرز,بورس,25220,25220,24320,24320,24410
2023-10-18,24750,24750,23270,23560,23970,450368,10705667600,324,بالبر,کابل البرز,بورس,24750,24750,23270,23560,23970
2023-10-21,23570,24660,23570,24200,23970,327153,7843063050,226,بالبر,کابل البرز,بورس,23570,24660,23570,24200,23970
2023-10-22,23980,24900,23980,24690,24630,574153,14175018380,279,بالبر,کابل البرز,بورس,23980,24900,23980,24690,24630
2023-10-23,24660,25860,24660,25860,25610,1490713,38183929140,540,بالبر,کابل البرز,بورس,24660,25860,24660,25860,25610
