,Open,High,Low,Close,Final,Volume,Value,No,Ticker,Name,Market,Adj Open,Adj High,Adj Low,Adj Close,Adj Final
0,61842,61842,61842,61842,61362,254351,15729574542,187,تابا,تابان نیرو سپاهان,پایه زرد,61691,61691,61691,61691,61212
1,196838,196838,188001,193580,194487,797886,155178556564,1097,وارس,سرمایه گذاری ارس صبا,پایه زرد,33322,33322,31826,32771,32924
2,28930,28930,28930,28930,28930,6435698,186184743140,1056,امید,تامین سرمایه امید,بورس,12138,12138,12138,12138,12138
3,35300,35300,32600,35300,35040,21670452,759406140130,5575,شدوص,دوده صنعتی پارس,بورس,14535,14535,13423,14535,14428
4,124841,124841,124841,124841,124216,20583,2569602303,18,فسدید,لوله وتجهیزات سدید - ورشکسته,پایه قرمز,124836,124836,124836,124836,124211
5,28590,29080,27000,29070,28270,12285560,347252814980,2831,رکیش,کارت اعتباری ایران کیش,بورس,11123,11313,10504,11310,10998
6,118206,118206,115000,118206,118025,258934,30560653455,466,دقاضی,داروسازی شهید قاضی,پایه زرد,22679,22679,22064,22679,22645
7,26230,26230,26230,26230,25530,941737,24701761510,433,دامین,داروسازی امین,بورس,6050,6050,6050,6050,5889
8,17940,17950,17200,17950,17865,8495976,151779930620,2585,ثغرب,شرکت سرمایه گذاری مسکن شمالغرب,فرابورس,17592,17601,16866,17601,17518
9,17338,17338,17338,17338,17130,2378544,41239195872,2569,وپویا,سرمایه گذاری پویا,فرابورس,5298,5298,5298,5298,5234
10,196040,196040,187640,196040,195690,12089207,2365677449410,16744,شسینا,صنایع شیمیایی سینا,بورس,7744,7744,7413,7744,7731
11,35079,38771,35079,38771,36821,37846615,1393568684738,199564,بگیلان,توسعه مسیر برق گیلان,فرابورس,31091,34363,31091,34363,32635
12,26290,26490,24000,26490,26320,34566653,909764682110,9513,وبوعلی,سرمایه گذاری بوعلی,بورس,2806,2827,2561,2827,2809
13,68665,68665,62127,68665,68288,1920937,131177331375,1329,سلار,شرکت سیمان لارستان,پایه زرد,68139,68139,61651,68139,67764
14,28000,28600,27500,27692,27937,3662613,102323554610,1056,کفرآور,فرآورده های سیمان شرق,پایه زرد,22863,23353,22455,22612,22812
15,15730,15730,15730,15730,15730,9450254,148652495420,974,چفیبر,فیبر ایران,بورس,15686,15686,15686,15686,15686
16,70000,74060,70000,74060,73840,5285235,390280443180,2385,بموتو,موتوژن,بورس,1959,2072,1959,2072,2066
17,13290,13290,13000,13290,13250,47500799,629428056420,9108,ارزش,صندوق س ارزش آفرین بیدار-سهام,نامعلوم,13290,13290,13000,13290,13250
18,23597,23597,23597,23597,23597,1590698,37535700706,234,فلات,گروه صنایع معادن فلات ایرانیان,پایه زرد,23424,23424,23424,23424,23424
19,21550,22100,20400,22100,21547,2323869,50072459080,475,میدکوح,ح.هلدینگ صنایع معدن خاورمیانه,فرابورس,21550,22100,20400,22100,21547
20,98275,98275,94000,98275,97283,1317889,128207766079,1145,وثخوز,سرمایه گذاری و توسعه خوزستان,پایه زرد,94281,94281,90180,94281,93330
21,40820,40820,39690,40820,40810,10959591,447212367080,3034,فروس,فروسیلیس ایران,بورس,3426,3426,3331,3426,3425
22,94319,94319,92510,94319,94301,2398529,226184036752,839,سدبیر,س. تدبیرگران فارس وخوزستان,فرابورس,93077,93077,91292,93077,93059
23,26370,26370,26370,26370,26370,6532180,172253586600,1104,وصندوق,سرمایه گذاری صندوق بازنشستگی,بورس,11315,11315,11315,11315,11315
24,37880,37880,35280,37880,37080,10781438,399821122020,4029,غبشهر,صنعتی بهشهر,بورس,3580,3580,3335,3580,3505
25,19620,19620,19000,19620,19580,14622340,286369999120,3291,وصنا,گروه صنایع بهشهرایران,بورس,3507,3507,3396,3507,3499
26,282220,320000,282000,320000,309210,5395047,1668183569940,43087,دارا یکم,صندوق واسطه گری مالی یکم-سهام,نامعلوم,282220,320000,282000,320000,309210
27,24979,24979,24800,24979,24979,5983202,149453310058,780,ثنام,س ساختمانی ب نام آوران مهندسی,پایه زرد,5213,5213,5175,5213,5213
28,31924,31924,30220,31501,31795,7651901,243290792429,2049,آینده,بازرگانی آینده سازان بهشت پارس,پایه زرد,30724,30724,29084,30316,30599
29,21900,21900,21243,21243,21446,2160686,46338436446,766,سباقر,سیمان باقران,پایه زرد,19943,19943,19344,19344,19529
30,7742,7742,7742,7742,7375,3731,28885402,1,پشاهن,تولیدی پلاستیک شاهین,پایه زرد,5579,5579,5579,5579,5314
31,170000,171500,165000,170010,167970,553735,93009518460,1109,وپخش,داروپخش (هلدینگ,بورس,12301,12409,11939,12301,12154
32,7591,7591,7446,7591,7568,13953311,105603300754,1389,وحکمت,بیمه حکمت صبا,پایه زرد,3569,3569,3500,3569,3558
33,10300,10550,10150,10520,10370,4498867,46633214250,892,وبازار,صندوق س شاخصی بازارآشنا,نامعلوم,10300,10550,10150,10520,10370
34,14120,14120,13460,13910,14030,81004104,1136175735570,8536,وخاور,بانک خاورمیانه,بورس,3861,3861,3681,3804,3837
35,31500,31500,31500,31500,31500,64052396,2017650474000,27672,سیتا,سرمایه گذاری سیمان تامین,بورس,22596,22596,22596,22596,22596
36,149581,149581,149300,149581,149577,330854,49488212693,533,شصفها,پتروشیمی اصفهان,پایه نارنجی,149120,149120,148840,149120,149116
37,27870,27870,27020,27870,27870,13023281,362902486430,3800,غگرجی,بیسکویت گرجی,بورس,5407,5407,5243,5407,5407
38,77640,85800,77640,85800,82630,10345891,854918449050,7442,دشیمی,شیمی داروئی داروپخش,بورس,17559,19405,17559,19405,18688
39,16520,17390,16520,17260,16890,90676093,1531566225200,11783,تنوین,تامین سرمایه نوین,بورس,3525,3711,3525,3683,3604
40,45060,45060,43000,43500,44610,137685339,6141826156480,59043,برکت,گروه دارویی برکت,بورس,14409,14409,13751,13910,14265
41,79000,84000,78780,83600,82480,1240961,102348815770,1262,خمحور,تولیدمحورخودرو,بورس,5108,5431,5093,5405,5333
42,17700,17700,17200,17660,17510,4029950,70564775589,1017,سجام,مجتمع سیمان غرب آسیا,پایه زرد,6608,6608,6421,6593,6537
43,43540,43540,43150,43530,42360,597682,26019804790,427,دکوثر,داروسازی کوثر,بورس,13617,13617,13495,13614,13248
44,45650,45650,44980,45650,45650,9955783,454439159310,7101,زکوثر,سرمایه گذاری کشاورزی کوثر,بورس,37196,37196,36650,37196,37196
45,63700,67480,61060,66200,64590,53170817,3434374527200,48566,شبریز,پالایش نفت تبریز,بورس,14881,15764,14264,15465,15089
46,83500,86680,81500,86670,85480,9536018,815132425450,10114,قرن,پدیده شیمی قرن,بورس,11949,12404,11663,12403,12233
47,29954,29954,27500,29000,29422,134406756,3954563117305,67470,شگویا,پتروشیمی تندگویان,فرابورس,22774,22774,20908,22048,22369
48,61080,61080,60010,60250,61030,6149851,375333477670,2283,دتماد,تولیدمواداولیه داروپخش,بورس,41541,41541,40814,40977,41507
49,41000,41357,38000,41357,40997,10397784,426277636279,3691,ولانا,شرکت لیزینگ آریا دانا,پایه زرد,40620,40974,37648,40974,40617
50,132900,132900,130550,132000,127680,53623,7124644650,157,لبوتان,گروه صنعتی بوتان,بورس,34774,34774,34159,34538,33408
51,62670,62670,60000,62670,62670,48644941,3048574779280,11769,شستا,سرمایه گذاری تامین اجتماعی,بورس,1917,1917,1835,1917,1917
52,39250,39250,39250,39250,38860,1080514,42410174500,430,تمحرکه,ماشین سازی نیرومحرکه,بورس,13459,13459,13459,13459,13325
53,273480,273480,257450,273480,269530,431258,116239034740,713,لخزر,پارس خزر,بورس,22970,22970,21624,22970,22638
54,218800,218800,199300,214490,210200,2222918,467258345640,4631,فسرب,ملی سرب وروی ایران,بورس,6164,6164,5614,6042,5921
55,18300,18574,18300,18574,18523,5064779,93816398252,843,ثرود,سرمایه گذاری مسکن زاینده رود,فرابورس,17741,18007,17741,18007,17957
56,32800,32800,31240,32750,32770,259879222,8516583056120,34879,وبانک,سرمایه گذاری گروه توسعه ملی,بورس,12091,12091,11516,12073,12080
57,10456,10500,10046,10500,10422,94884,988888384,8,داریک,صندوق س.اعتماد داریک-د,پایه زرد,10456,10500,10046,10500,10422
58,43513,43513,42000,43513,43449,7480149,325008412704,3953,داوه,داروسازی آوه سینا,فرابورس,29027,29027,28018,29027,28984
59,86300,89400,83000,86950,86990,2017260,175482184400,2037,کطبس,ذغال سنگ نگین ط بس,بورس,18047,18695,17357,18183,18191
60,302900,302950,289380,302950,301800,1266325,382176335140,3730,قصفها,قنداصفهان,بورس,257350,257393,245863,257393,256415
61,25120,25120,24300,25120,25100,58813932,1476462510260,7301,کاوه,فولاد کاوه جنوب کیش,بورس,9209,9209,8908,9209,9202
62,33080,33400,31930,33390,33310,7481599,249195888840,2997,ولغدر,لیزینگ خودروغدیر,بورس,11450,11561,11052,11557,11530
63,38329,38329,38329,38329,37990,385282,14767473778,196,ثاصفا,شرکت ساختمان اصفهان,پایه زرد,38326,38326,38326,38326,37987
64,32090,33700,30700,32850,32680,47199373,1542363632270,15736,سفارس,سیمان فارس و خوزستان,بورس,21868,22965,20920,22386,22270
65,22280,22280,21630,21700,22160,24190220,536115877650,3102,فاراک,ماشین سازی اراک,بورس,8078,8078,7842,7867,8034
66,15042,15042,15042,15042,15042,7295794,109743333348,1088,ولبهمن,شرکت بهمن لیزینگ,فرابورس,2398,2398,2398,2398,2398
67,14000,14000,13700,13990,13960,4788484,66852456400,1162,خاذین,سایپاآذین,بورس,8313,8313,8135,8307,8290
68,10000,10000,10000,10000,10000,198000000,1980000000000,2740,سپیدما,صندوق س. سپید دماوند-د,پایه زرد,10000,10000,10000,10000,10000
69,85954,85954,85954,85954,85954,989978,85092569012,490,دتولید,داروسازی تولید دارو,فرابورس,42400,42400,42400,42400,42400
70,151340,151340,150000,151340,151170,5003059,756308022960,3617,قثابت,قند ثابت خراسان,بورس,11952,11952,11846,11952,11938
71,64000,64000,62060,64000,63590,746586,47670912440,675,لابسا,آبسال,بورس,8112,8112,7866,8112,8060
72,48680,48801,47000,47700,48301,1518795,73360010470,327,اپرداز,آتیه داده پرداز,فرابورس,20818,20869,20099,20398,20655
73,7200,7370,7020,7370,7320,173697334,1271251715540,13505,ونوین,بانک اقتصادنوین,بورس,6914,7077,6741,7077,7029
74,47547,47547,47547,47547,47547,3100857,147436447779,4943,گدنا,تهیه توزیع غذای دنا آفرین فدک,فرابورس,12640,12640,12640,12640,12640
75,58170,61082,55266,59450,58764,1044593,61384951247,836,کاسپین,داروسازی کاسپین تامین,فرابورس,14364,15083,13647,14680,14510
76,22500,22500,22500,22500,22500,23614993,531337342500,3221,حفاری,حفاری شمال,بورس,11228,11228,11228,11228,11228
77,14850,14990,14640,14990,14940,44237060,660927244300,9106,وصنعت,سرمایه گذاری توسعه صنعت وتجارت,بورس,3213,3244,3168,3244,3233
78,32090,32090,30950,31300,32020,24923601,798051000300,5172,وبشهر,توسعه صنایع بهشهر(هلدینگ,بورس,15658,15658,15102,15273,15624
79,252940,252940,228860,242000,243290,352542,85771447070,1193,پدرخش,درخشان تهران,بورس,24894,24894,22524,23818,23945
80,551340,551340,525100,551340,549240,850193,466956453060,4937,لپارس,پارس الکتریک,بورس,528644,528644,503484,528644,526631
81,22130,22130,21600,22130,22130,7980199,176569604440,964,پارسیان,بیمه پارسیان,بورس,6527,6527,6371,6527,6527
82,38910,38970,38000,38970,38910,14132140,549930536740,5537,سیمرغ,سیمرغ,بورس,35922,35977,35082,35977,35922
83,36271,36271,36271,36271,36271,4183587,151742884077,1499,ثباغ,شهر سازی و خانه سازی باغمیشه,فرابورس,17055,17055,17055,17055,17055
84,41730,41730,39860,41710,41700,1662120,69315681350,1081,غشصفا,شیرپاستوریزه پگاه اصفهان,بورس,27253,27253,26032,27240,27234
85,44460,45990,44320,45220,44760,2362083,105726358340,1815,سفانو,سیمان فارس نو,بورس,32336,33449,32234,32889,32554
86,45780,46840,43870,45220,45120,2502322,112897180960,1987,سفانو,سیمان فارس نو,بورس,33296,34067,31907,32889,32816
87,74650,77937,74625,77937,76821,2113534,162364857975,2293,زفکا,کشت و دامداری فکا,فرابورس,13321,13908,13317,13908,13709
88,9740,9740,9740,9740,9740,10596031,103205341940,1156,وسکاب,س.ص.بازنشستگی کارکنان بانکها,بورس,3147,3147,3147,3147,3147
89,285000,285000,274520,279001,277607,183124,50836505401,807,آتیمس,صندوق س.آرمان آتیه درخشان مس-س,نامعلوم,288526,288526,277916,282452,281041
90,28570,28570,28570,28570,28570,9092037,259759497090,1628,خموتور,موتورسازان تراکتورسازی ایران,بورس,7560,7560,7560,7560,7560
91,15626,15626,15015,15626,15619,22826572,356529184067,2819,ورازی,بیمه رازی,پایه زرد,2462,2462,2365,2462,2461
92,56010,56010,53590,56010,55770,18527385,1033258825190,7386,سپ,پرداخت الکترونیک سامان کیش,بورس,15087,15087,14435,15087,15023
93,17370,17370,16750,17370,17350,22092200,383401404460,3968,سکرد,سیمان کردستان,بورس,16115,16115,15540,16115,16096
94,43500,45670,41340,42700,43320,36215229,1568857777060,21411,های وب,داده گسترعصرنوین-های وب,بورس,5364,5632,5098,5266,5342
95,21140,21155,20357,21155,21061,7165046,150900737828,2591,زماهان,مجتمع تولید گوشت مرغ ماهان,فرابورس,19242,19255,18529,19255,19170
96,22722,22722,22722,22722,22711,976764,22194031608,216,نتوس,پشم بافی توس,پایه زرد,22628,22628,22628,22628,22617
97,73060,73060,70000,72940,72920,46021380,3355674381550,23170,بترانس,ایران ترانسفو,بورس,6842,6842,6555,6831,6829
98,29510,29510,29510,29510,29510,2825972,83394433720,740,سهرمز,سیمان هرمزگان,بورس,14303,14303,14303,14303,14303
99,35000,37330,34530,35510,35730,17900610,639583464670,9214,کرازی,کارخانجات تولیدی شیشه رازی,بورس,1617,1724,1595,1640,1650
100,194057,204350,194057,204270,196232,5133436,1007346858286,6219,شاوان,پالایش نفت لاوان,فرابورس,18357,19330,18357,19323,18562
101,12887,12887,12877,12887,12887,3315574,42727413174,606,سنوین,سرمایه گذاری اقتصاد نوین,پایه زرد,9785,9785,9778,9785,9785
102,36835,36835,35540,36835,36807,44007081,1619767971037,4296,بساما,بیمه سامان,فرابورس,11843,11843,11426,11843,11834
103,15900,16637,15900,16637,16386,12495398,204750047131,1424,وجامی,سرمایه گذاری جامی,پایه زرد,3403,3560,3403,3560,3507
104,16424,16424,15900,16400,16414,23234084,381370380230,3266,گوهران,سرمایه گذاری توسعه گوهران امید,فرابورس,2908,2908,2815,2904,2906
105,330820,330820,299320,325710,328240,1594475,523366781140,4543,کدما,معدنی دماوند,بورس,327004,327004,295867,321953,324454
106,26810,27447,26800,27447,27422,38906589,1066898043170,7800,ومهان,گروه توسعه مالی مهر آیندگان,فرابورس,6764,6925,6761,6925,6918
107,47521,47521,45600,47480,47163,2135490,100716986279,1666,شرانل,نفت ایرانول,فرابورس,32279,32279,30974,32251,32036
108,13200,13360,12330,13360,13220,20076071,265313847780,2164,ثشرق,سرمایه گذاری مسکن شمال شرق,بورس,10832,10963,10118,10963,10848
109,33509,33509,33509,33509,33509,2645276,88640553484,491,غگلستا,شیر پاستوریزه پگاه گلستان,فرابورس,25783,25783,25783,25783,25783
110,70690,70690,70690,70690,68580,303262,21437590780,172,قهکمت,قندهکمتان,بورس,7779,7779,7779,7779,7547
111,20300,20365,19250,20365,20296,4331695,87914348668,1193,کیمیا,معدنی کیمیای زنجان گستران,فرابورس,5885,5904,5581,5904,5884
112,35406,35550,35406,35544,35489,31990060,1135300893170,3336,اعتماد,صندوق س.اعتماد آفرین پارسیان-د,پایه زرد,35406,35550,35406,35544,35489
113,29600,31791,29600,31690,31171,28182249,878480207278,8959,فزرین,زرین معدن آسیا,فرابورس,8994,9660,8994,9629,9472
114,55779,55779,55779,55779,55779,529628,29542120212,338,ثنظام,س. ساختمانی نظام مهندسی ایران,پایه زرد,55501,55501,55501,55501,55501
115,87847,87847,85601,87847,87737,1230051,107921146293,1887,بسویچ,پارس سویچ,بورس,6267,6267,6107,6267,6259
116,140922,140922,134230,140922,140850,19222138,2707437728005,10056,کرمان,س. توسعه و عمران استان کرمان,فرابورس,3624,3624,3452,3624,3623
117,8925,8925,8925,8925,8758,25320,225981000,4,سپرمی,پرمیت,پایه قرمز,8925,8925,8925,8925,8758
118,255618,255618,255618,255618,254647,74347,19004431446,93,سکارون,سیمان کارون,پایه زرد,253077,253077,253077,253077,252116
119,235000,249494,235000,249494,248373,3720181,923990986606,10838,کفپارس,فرآورده های نسوز پارس,بورس,14295,15176,14295,15176,15108
120,11733,11764,11689,11734,11732,31871710,373924136512,669,آسامید,صندوق س.مشترک آسمان امید -د,پایه زرد,11733,11764,11689,11734,11732
121,15500,16000,14570,15740,15250,155598598,2372162286680,28339,سشرق,سیمان شرق,بورس,11170,11530,10500,11343,10990
122,72912,72912,71523,72912,72881,520482,37933380870,351,نیرو,نیرو سرمایه,پایه زرد,16082,16082,15775,16082,16075
123,80350,80365,72713,80150,78742,10665397,839811154086,6147,شغدیر,پتروشیمی غدیر,فرابورس,52670,52680,47664,52539,51616
124,90050,94550,90050,93445,92008,259778,24031469912,239,شکبیر,پتروشیمی امیرکبیر,پایه زرد,61018,64067,61018,63318,62344
125,87440,87440,80010,85500,85420,3873538,330885694450,2963,فباهنر,مس شهیدباهنر,بورس,2818,2818,2579,2756,2753
126,74240,74240,74240,74240,72850,933547,69306529280,483,همراه,شرکت ارتباطات سیار ایران,بورس,14977,14977,14977,14977,14697
127,43940,48560,43940,48560,47030,8079571,380020259590,4375,شپاکسا,پاکسان,بورس,4712,5208,4712,5208,5044
128,72640,72640,72640,72640,72640,4910221,356678453440,4473,سبزوا,سیمان لار سبزوار,فرابورس,10813,10813,10813,10813,10813
129,42892,42892,41811,42892,42870,6949204,297912127921,3596,غشهداب,کشت و صنعت شهداب ناب خراسان,فرابورس,8893,8893,8669,8893,8889
130,99256,99256,95900,97000,99153,2125239,210723616553,1615,غپآذر,شیر پگاه آذربایجان شرقی,فرابورس,62301,62301,60194,60885,62236
131,12230,13997,12230,12890,12737,3713240,47294500050,976,سخند,صندوق س.سپهرخبرگان نفت-د,پایه زرد,12230,13997,12230,12890,12737
132,68473,68474,64003,68474,68242,6556216,447408689479,3933,ریشمک,تولید و صادرات ریشمک,فرابورس,19621,19621,18340,19621,19555
133,110000,110000,104500,104500,105360,1048643,110487986110,1601,شبهرن,نفت بهران,بورس,16588,16588,15758,15758,15888
134,223610,228500,223610,228000,225830,331860,74943054070,998,کاردان,صندوق س تجارت شاخصی کاردان,نامعلوم,223610,228500,223610,228000,225830
135,92930,92930,87010,92930,92550,835343,77310993430,964,نمرینو,ایران مرینوس,بورس,29650,29650,27761,29650,29529
136,573480,573480,573480,573480,568950,80072,45919690560,261,غدام,خوراک دام پارس,بورس,212977,212977,212977,212977,211295
137,42260,42260,40500,42260,42030,11946142,502118338570,3384,تایرا,تراکتورسازی ایران,بورس,9592,9592,9192,9592,9540
138,29860,29860,29840,29850,29860,2499847,74643991930,1316,ثامان,سامان گستراصفهان,بورس,12813,12813,12804,12808,12813
139,176890,180960,176460,180900,178930,249664,44672017020,942,افق ملت,صندوق س در سهام افق ملت,نامعلوم,176890,180960,176460,180900,178930
140,39148,41568,39148,41568,40411,4074303,164646054035,1171,تپولا,مهندسی مرآت پولاد,پایه زرد,39148,41568,39148,41568,40411
141,67940,70000,65800,67640,67630,46113231,3118787665800,375224,بوعلی,پتروشیمی بوعلی سینا,بورس,11984,12347,11606,11931,11929
142,12441,12489,12441,12482,12483,459292,5733440878,28,گنجین,صندوق س. گنجینه یکم آوید-د,پایه زرد,12441,12489,12441,12482,12483
143,78820,78820,71350,75800,77780,4247143,330321761070,1458,فسپا,گروه صنعتی سپاهان,بورس,9867,9867,8931,9488,9736
144,90000,90000,90000,90000,84154,691686,62251740000,372,فرابورس,فرابورس ایران,فرابورس,20312,20312,20312,20312,18993
145,21000,21070,20100,20650,20780,88726536,1844143513390,23224,تملت,تامین سرمایه بانک ملت,بورس,5779,5798,5531,5682,5718
146,11520,12232,11520,12232,11873,88956503,1056147976695,11276,زنجان,صنایع کشاورزی وکود زنجان,پایه زرد,8687,9223,8687,9223,8953
147,119000,130900,107500,113300,113740,36892044,4196028936500,185583,پالایش,صندوق پالایشی یکم-سهام,نامعلوم,119000,130900,107500,113300,113740
148,20964,21612,20964,21590,21077,4205068,88630304562,668,وآفری,بیمه کارآفرین,پایه زرد,2669,2751,2669,2748,2683
149,55780,55780,55780,55780,55780,2332606,130112762680,2436,دعبید,لابراتوارداروسازی دکترعبیدی,بورس,9665,9665,9665,9665,9665
150,34010,37100,34010,35560,34850,3310991,115385849130,1764,شپارس,بین المللی محصولات پارس,بورس,15514,16924,15514,16222,15898
151,36650,36650,36400,36650,36640,1940044,71089954520,1277,دسبحان,سبحان دارو,بورس,7999,7999,7944,7999,7997
152,289242,289242,289242,289242,289242,284578,82311909876,141,وبرق,س.کارکنان صنعت برق زنجان وقزوی,پایه زرد,96147,96147,96147,96147,96147
153,12400,12627,12281,12627,12542,8525067,106924697698,704,ولشرق,لیزینگ ایران و شرق,فرابورس,5665,5769,5611,5769,5730
154,25500,26990,25500,26990,26790,15667673,419773436470,4297,تکنو,تکنوتار,بورس,8829,9345,8829,9345,9276
155,4504,4504,4504,4504,4299,191170,861029680,23,وسالت,بانک قرض الحسنه رسالت,پایه زرد,274,274,274,274,261
156,4513,4513,4513,4513,4299,1300,5866900,1,وسالت,بانک قرض الحسنه رسالت,پایه زرد,274,274,274,274,261
157,4513,4513,4513,4513,4300,20000,90260000,7,وسالت,بانک قرض الحسنه رسالت,پایه زرد,274,274,274,274,261
158,59890,59890,59890,59890,56630,33636,2014460040,39,سدشت,صنایع سیمان دشتستان,بورس,52826,52826,52826,52826,49950
159,41600,41630,40260,41470,41510,23093235,958519807180,5862,آپ,آسان پرداخت پرشین,بورس,18701,18715,18099,18643,18661
160,100362,100362,90804,97999,97437,3834272,373598076963,5319,قاسم,قاسم ایران,فرابورس,10271,10271,9293,10030,9972
161,117376,117376,117376,117376,114243,222814,26153016064,93,کشرق,صنعتی و معدنی شمال شرق شاهرود,فرابورس,116155,116155,116155,116155,113055
162,43240,43240,41010,41570,43010,26975602,1160116518630,6778,سیستم,همکاران سیستم,بورس,4352,4352,4128,4184,4329
163,27453,27453,27453,27453,26418,163060,4476486180,64,کصدف,کاشی صدف سرام استقلال آباده,پایه زرد,9189,9189,9189,9189,8843
164,26280,26380,25130,25510,26140,52688462,1377495866400,11430,وتوصا,گروه س توسعه صنعتی ایران,بورس,2588,2598,2475,2513,2575
165,36919,36919,36919,36919,35161,140,5168660,1,کورز,ورزیران,پایه زرد,310,310,310,310,295
166,36919,36919,36919,36919,35162,360,13290840,2,کورز,ورزیران,پایه زرد,310,310,310,310,295
167,12700,12700,12700,12700,12700,138035248,1753047649600,22995,خگستر,گسترش سرمایه گذاری ایران خودرو,بورس,12451,12451,12451,12451,12451
168,447000,449200,439340,441280,444850,443250,197180443070,1540,شفن,پتروشیمی فناوران,بورس,10201,10251,10026,10070,10152
169,174272,192616,183500,192616,188496,559304,105426441109,998,زنگان,صنعت روی زنگان,فرابورس,171806,189890,180903,189890,185829
170,31832,32227,31105,32015,31950,2566857,82155798287,1009,میدکو,هلدینگ صنایع  معدنی خاورمیانه,فرابورس,7394,7485,7225,7436,7421
171,39370,39370,38000,39370,39240,12036185,472353012410,6528,فولاژ,فولاد آلیاژی ایران,بورس,7172,7172,6922,7172,7148
172,44291,44291,40073,43000,42064,2150130,90442911851,1666,دحاوی,الحاوی,پایه زرد,14353,14353,12986,13934,13631
173,14938,14938,14503,14938,14931,34338209,512696613141,2297,سمایه,بانک سرمایه,پایه زرد,14938,14938,14503,14938,14931
174,40016,40016,38448,40016,39866,1379665,55001546468,1195,شتولی,تولی پرس,پایه نارنجی,40016,40016,38448,40016,39866
175,86540,86540,82540,86540,86000,9227973,793590154450,6024,سقاین,سیمان قائن,بورس,4264,4264,4067,4264,4237
176,10763,10763,10550,10763,10761,92820454,998824329499,3902,وشهر,بانک شهر,پایه زرد,10763,10763,10550,10763,10761
177,27666,28480,27666,28480,28393,4342421,123292942894,1805,تاپکیش,تجارت الکترونیک پارسیان کیش,فرابورس,17765,18288,17765,18288,18232
178,58350,58350,57150,58150,57590,810498,46853311390,1211,دسینا,داروسازی سینا,بورس,15618,15618,15296,15564,15414
179,80384,80384,76000,80384,79992,16054739,1284250294580,5977,زدشت,کشت و صنعت دشت خرم دره,فرابورس,74879,74879,70796,74879,74514
180,21067,21067,21067,21067,21059,518306,10919152502,229,فنرژی,گسترش صنایع انرژی آذرآب,پایه نارنجی,21067,21067,21067,21067,21059
181,29130,29130,29130,29130,29110,1951554,56848768020,405,سخوز,سیمان خوزستان,بورس,20117,20117,20117,20117,20103
182,5760,5760,5530,5730,5740,1701204832,9757511660620,84630,خساپا,سایپا,بورس,5760,5760,5530,5730,5740
183,204000,206154,187912,196799,204490,11330719,2317024365837,18732,زشگزا,شیر و گوشت زاگرس شهرکرد,فرابورس,14682,14837,13524,14164,14718
184,27000,27690,26380,27690,27050,14874413,402408427320,5170,ونفت,سرمایه گذاری صنعت نفت,بورس,7280,7466,7113,7466,7294
185,37150,37150,35690,37130,36990,297700691,11010515305520,118845,فملی,ملی صنایع مس ایران,بورس,5065,5065,4866,5062,5043
186,20595,20595,20595,20595,20595,3185792,65611386240,209,وزمین,بانک ایران زمین,پایه قرمز,20595,20595,20595,20595,20595
187,11399,11399,11067,11399,11395,23256329,265012180621,1645,وسرمد,بیمه  سرمد,پایه زرد,2968,2968,2882,2968,2967
188,21300,21300,20010,21178,21036,9436839,198517341324,1316,تماوند,تامین سرمایه دماوند,پایه زرد,3684,3684,3461,3663,3639
189,20000,20000,19000,19000,19110,14967176,286095935750,2666,وکار,بانک کارآفرین,بورس,3496,3496,3322,3322,3341
190,65800,66431,64000,66431,66290,1253980,83126314786,1236,زگلدشت,کشت و دام گلدشت نمونه اصفهان,فرابورس,15196,15342,14781,15342,15309
191,63440,66920,63300,66920,66660,3003634,200210063400,920,زمگسا,کشاورزی ودامپروی مگسال,بورس,51480,54304,51366,54304,54093
192,263218,263218,258000,263218,263149,84455,22224242902,252,دشیری,شیرین دارو,پایه زرد,230640,230640,226067,230640,230579
193,35440,35440,34010,35020,35310,24106339,851228700000,6385,مبین,مبین انرژی خلیج فارس,بورس,15892,15892,15251,15704,15834
194,43740,43740,40010,42300,43310,8550231,370335473020,4748,دیران,ایران دارو,بورس,17635,17635,16131,17054,17461
195,12900,12940,12899,12938,12915,7149242,92331746655,271,افران,صندوق س افرا نماد پایدار-ثابت,نامعلوم,12900,12940,12899,12938,12915
196,20966,20966,20966,20966,20966,2560183,53676796778,436,پلوله,گازلوله,پایه زرد,18574,18574,18574,18574,18574
197,40620,40620,38840,40620,40430,3199958,129364089340,1257,کاذر,فرآورده های نسوزآذر,بورس,15533,15533,14852,15533,15460
198,52970,52970,52970,52970,52940,1962473,103952194810,374,فخاس,فولاد خراسان,بورس,25125,25125,25125,25125,25111
199,23652,23652,23652,23652,22541,12164,287702928,8,خعمرا,توسعه و عمران شهرستان نائین,پایه زرد,1465,1465,1465,1465,1396
200,24272,25750,24272,25650,24799,8003253,198472930894,3125,وثنو,سرمایه گذاری ساختمانی نوین,پایه زرد,5591,5932,5591,5909,5713
201,10168,10168,10168,10168,10168,16625734,169050463312,1819,حریل,ریل پردازسیر,فرابورس,6967,6967,6967,6967,6967
202,183752,193355,179000,184000,189619,4942727,937233865797,7473,مارون,پتروشیمی مارون,فرابورس,148868,156648,145018,149069,153622
203,34083,34083,33990,34083,34074,1493881,50903244775,658,فنفت,صنایع تجهیزات نفت,پایه زرد,12024,12024,11991,12024,12021
204,61950,62590,59500,62590,62230,1478840,92021257800,1348,خپویش,سازه پویش,بورس,9702,9802,9318,9802,9746
205,55242,55242,55242,55242,55242,1534308,84758242536,607,غبهار,کشت وصنعت بهاران گلبهار خراسان,پایه زرد,52197,52197,52197,52197,52197
206,137840,137840,134320,137840,134500,197824,27261503390,602,ساربیل,سیمان آرتا اردبیل,بورس,17744,17744,17291,17744,17314
207,78520,78520,76627,78520,78493,4181780,328239567242,2348,بهپاک,صنعتی بهپاک,فرابورس,8618,8618,8411,8618,8615
208,10270,10861,10270,10580,10538,3200200,33724412403,484,زرین,صندوق س. سهام زرین کوروش-س,نامعلوم,10270,10861,10270,10580,10538
209,32520,32520,32170,32520,32510,24989621,812433902890,3382,وتوکا,سرمایه گذاری توکافولاد(هلدینگ,بورس,6945,6945,6870,6945,6943
210,10460,10864,10430,10864,10843,7073037,76692903172,839,بخاور,بیمه زندگی خاورمیانه,فرابورس,4941,5132,4927,5132,5122
211,4570,4900,4440,4700,4680,622821469,2916859626120,276164,ثبهساز,بهساز کاشانه تهران,بورس,3717,3985,3611,3822,3806
212,69000,71330,66000,71330,69830,6665466,465468160120,5963,کگاز,شیشه و گاز,بورس,34304,35462,32812,35462,34716
213,75600,75740,73110,74200,75150,15854037,1191497016840,15966,نوری,پتروشیمی نوری,بورس,51047,51141,49365,50101,50743
214,53830,53830,53500,53830,53830,11108141,597926046450,3096,جم,پتروشیمی جم,بورس,27996,27996,27824,27996,27996
215,4430,4430,4310,4430,4420,938941652,4152443158680,53559,وتجارت,بانک تجارت,بورس,4287,4287,4171,4287,4278
216,67580,67580,67580,67580,67580,1548090,104619922200,1070,غمارگ,مارگارین,بورس,5963,5963,5963,5963,5963
217,40540,40540,38010,40540,40100,18547177,743806744360,8255,پکرمان,گروه صنعتی بارز,بورس,33780,33780,31672,33780,33413
218,18300,18525,17447,18525,18183,26402171,480069703373,7946,سفاسی,شرکت فارسیت اهواز,پایه زرد,18300,18525,17447,18525,18183
219,44920,44920,44920,44920,44920,1559775,70065093000,684,زشریف,کشت وصنعت شریف آباد,فرابورس,8111,8111,8111,8111,8111
220,70750,78000,70750,76890,76220,4843063,369146209600,5559,خرینگ,رینگ سازی مشهد,بورس,30789,33944,30789,33461,33170
221,173260,173260,168000,173260,172760,11202987,1935378615600,10140,غبهنوش,بهنوش ایران,بورس,161614,161614,156707,161614,161147
222,88462,95683,88462,95683,92273,4993972,460806766282,41939,رافزا,رایان هم افزا,فرابورس,15786,17074,15786,17074,16466
223,43750,45051,42427,45000,44248,1424865,63047572648,1463,حبندر,دریایی و کشتیرانی خط دریابندر,پایه زرد,9317,9594,9035,9583,9423
224,57270,57270,54990,57270,57010,3783388,215681476050,3558,فلامی,لامیران,بورس,17974,17974,17258,17974,17892
225,49500,50477,48150,50477,49690,9845543,489221706192,5563,قشیر,قند شیروان قوچان و بجنورد,فرابورس,20542,20947,19981,20947,20620
226,149139,149139,149139,149139,149139,479475,71508422025,5530,ساوه,سیمان ساوه,فرابورس,107124,107124,107124,107124,107124
227,81800,81800,81800,81800,81800,10533085,861606353000,60999,غزر,صنعتی زر ماکارون,بورس,7014,7014,7014,7014,7014
228,14999,15339,14447,15339,14866,40274982,598734779237,5118,ثنور,سرمایه گذاری کوه نور,پایه زرد,14533,14863,13999,14863,14405
229,73990,75980,71800,74980,73630,1991269,146616783730,2545,تیپیکو,سرمایه گذاری دارویی تامین,بورس,20040,20579,19447,20309,19943
230,17700,17700,16970,16990,17270,15239840,263266996520,3068,تاصیکو,سرمایه گذاری صدرتامین,بورس,5853,5853,5612,5618,5711
231,23300,23642,23000,23642,23585,59088489,1393584740035,133755,وکبهمن,مدیریت سرمایه گذاری کوثربهمن,فرابورس,5280,5357,5212,5357,5344
232,3400,3400,3260,3400,3390,315779289,1070382814130,84938,ثامید,توسعه و عمران امید,بورس,2753,2753,2640,2753,2745
233,11068,11068,11000,11068,11068,7764352,85933651521,1128,ولتجار,واسپاری تجارت وسرمایه ایرانیان,پایه زرد,3594,3594,3572,3594,3594
234,329500,343000,315000,330000,326060,9648220,3145934587440,19500,کاما,باما,بورس,16004,16659,15299,16028,15837
235,49190,49190,49190,49190,49178,207872,10225223680,110,سایرا,ایرانیت,پایه نارنجی,49190,49190,49190,49190,49178
236,179500,181999,178000,180698,180390,471045,84971758476,656,آساس,صندوق س.آسمان آرمانی سهام-س,نامعلوم,179500,181999,178000,180698,180390
237,26000,26341,25200,26341,26261,13349125,350554862748,3080,وگردش,بانک گردشگری,پایه زرد,25621,25957,24832,25957,25878
238,10706,10757,10705,10747,10716,997293,10687409617,54,خاتم,صندوق س خاتم ایساتیس پویا-ثابت,نامعلوم,10706,10757,10705,10747,10716
239,39100,42840,38800,42840,41664,14173420,590526186226,8873,فاذر,صنایع آذرآب,بورس,2158,2364,2141,2364,2299
240,10210,10234,10150,10225,10208,42097,429720361,22,کارین,صندوق س نگین سامان-ثابت,نامعلوم,10210,10234,10150,10225,10208
241,167127,167127,166350,167127,167012,903710,150930529109,3212,بمپنا,تولید برق عسلویه  مپنا,فرابورس,15477,15477,15405,15477,15466
242,101290,101290,96470,97410,98970,4267476,422331098410,5051,پاکشو,گروه صنعتی پاکشو,بورس,7918,7918,7541,7615,7737
243,191214,191214,186000,186121,190250,1937692,368646049922,3333,شبصیر,تولیدات پتروشیمی قائد بصیر,فرابورس,18203,18203,17706,17718,18111
244,45390,45390,44080,45100,45340,2335338,105879823300,864,حتوکا,حمل ونقل توکا,بورس,5492,5492,5333,5457,5486
245,23971,23971,22923,23971,23956,30483323,730270070354,4385,بزاگرس,نیروگاه زاگرس کوثر,فرابورس,22680,22680,21688,22680,22666
246,5500,5500,5500,5500,5500,4500000,24750000000,32,ولقمان,سرمایه گذاری لقمان,پایه زرد,509,509,509,509,509
247,63990,63990,63990,63990,61340,247656,15847507440,181,سبجنو,سیمان بجنورد,بورس,48169,48169,48169,48169,46174
248,47847,52883,47847,52883,51315,12341700,633313533617,5747,زقیام,کشت و دام قیام اصفهان,فرابورس,4237,4683,4237,4683,4544
249,8500,8568,8215,8568,8504,8556789,72768375179,1688,ومعلم,بیمه معلم,فرابورس,4319,4353,4174,4353,4321
250,17516,17516,17100,17516,17491,5709326,99859849799,841,قجام,فرآوردههای غذایی وقندتربت جام,پایه زرد,17516,17516,17100,17516,17491
251,214138,214138,214138,214138,214138,21400,4582553200,11,ونچر,ص.ج.فیروزه70%تادیه,نامعلوم,716872,716872,716872,716872,716872
252,49800,50440,46700,50380,49580,26773820,1327502587580,12451,خاهن,آهنگری تراکتورسازی ایران,بورس,6960,7050,6527,7041,6930
253,38720,41670,38720,41670,39920,313404,12772224550,241,دفرا,فرآورده های تزریقی ایران,بورس,14440,15540,14440,15540,14887
254,23040,23040,23040,23040,23040,9918318,228518046720,935,وپست,پست بانک ایران,بورس,4416,4416,4416,4416,4416
255,26320,26320,25600,26320,26300,113815694,2993840892600,14517,کگل,معدنی و صنعتی گل گهر,بورس,5438,5438,5290,5438,5434
256,33000,34650,32990,34640,33920,10035477,340416324260,5943,پکویر,کویر تایر,بورس,10637,11169,10634,11166,10934
257,24010,24010,23950,24000,24010,185181451,4445674977310,53994,خپارس,پارس خودرو,بورس,4810,4810,4798,4808,4810
258,20000,20320,19050,20320,19860,126602992,2514028789130,29370,پترول,گ.س.وت.ص.پتروشیمی خلیج فارس,بورس,4562,4635,4345,4635,4530
259,393180,393180,355740,389000,376840,4497889,1695006705940,4028,غدشت,دشت مرغاب,بورس,30384,30384,27491,30061,29122
260,25670,26000,23630,25350,24910,143478562,3574276315590,50391,وساپا,سرمایه گذاری سایپا,بورس,13165,13334,12119,13001,12775
261,25063,25063,25063,25063,24281,793259,19881450317,212,اعتلا,شرکت سرمایه گذاری اعتلاء البرز,فرابورس,4340,4340,4340,4340,4204
262,16110,16112,15500,16112,16027,8770217,140559691110,1979,ثجوان,تامین مسکن جوانان,پایه زرد,16110,16112,15500,16112,16027
263,20460,20470,19520,20470,20240,5344032,108173625980,1255,ولملت,واسپاری ملت,بورس,11637,11643,11102,11643,11512
264,75613,75613,75613,75613,75613,1587096,120005089848,570,شتوکا,توکا رنگ فولاد سپاهان,فرابورس,28644,28644,28644,28644,28644
265,134980,135040,130000,135040,134810,604999,81559772760,974,کمنگنز,معادن منگنزایران,بورس,16551,16559,15941,16559,16530
266,10268,11270,10268,11250,10990,8723608,95874861495,2152,وتوکاح,ح . توکافولاد(هلدینگ,نامعلوم,10268,11270,10268,11250,10990
267,69450,69450,67450,69450,69423,761038,52833833473,550,حرهشا,رهشاد سپاهان (سهامی عام,پایه زرد,69450,69450,67450,69450,69423
268,29890,29890,27300,28640,28790,500826,14826158820,278,سکرما,سیمان کرمان,بورس,14592,14592,13327,13981,14054
269,176940,176940,176940,176940,176940,143518,25394074920,50,تکنار,مجتمع معادن مس تکنار,پایه زرد,176273,176273,176273,176273,176273
270,36010,36010,36010,36010,36010,2666104,96006405040,700,توریل,توکاریل,فرابورس,15418,15418,15418,15418,15418
271,44460,44460,44460,44460,44460,1357273,60344357580,1013,سهگمت,سیمان هگمتان,بورس,21753,21753,21753,21753,21753
272,69000,69000,63460,67900,64930,6153354,399524502930,3186,شکلر,نیروکلر,بورس,29049,29049,26717,28586,27336
273,50134,50134,50134,50134,50134,455555,22838794370,113,خفولا,خدمات فنی فولاد یزد,پایه زرد,18835,18835,18835,18835,18835
274,50520,50520,50520,50520,50520,2256886,114017880720,1929,کهمدا,شیشه همدان,بورس,6984,6984,6984,6984,6984
275,12530,13830,12530,13640,13320,73490822,979080270810,10993,ثمسکن,سرمایه گذاری مسکن,بورس,10445,11529,10445,11370,11104
276,86018,86018,86018,86018,86018,1932207,166204581726,375,زبینا,کشاورزی و دامپروری بینالود,فرابورس,7889,7889,7889,7889,7889
277,96290,96590,87392,96590,95569,3491441,333673748412,4659,ثتوسا,س.توسعه و عمران استان اردبیل,پایه زرد,96290,96590,87392,96590,95569
278,37355,37355,35900,37355,37193,3402954,126566756929,2081,لازما,کارخانه های صنعتی آزمایش,پایه زرد,37730,37730,36260,37730,37566
279,38310,38310,38310,38310,38310,4152136,159068330160,720,وتوشه,سرمایه گذاری پارس توشه,بورس,8899,8899,8899,8899,8899
280,13911,13911,13911,13911,13911,8108417,112796188887,631,شجم,صنایع پتروشیمی تخت جمشید,پایه زرد,11313,11313,11313,11313,11313
281,57340,57340,54340,57200,56730,6096449,345865901470,3476,خکار,ایرکا پارت صنعت,بورس,7881,7881,7469,7862,7798
282,16136,16136,15410,16131,16118,209997116,3384833475566,111632,وسپهر,سرمایه گذاری مالی سپهرصادرات,فرابورس,5863,5863,5599,5861,5856
283,12300,12300,12000,12300,12290,6451619,79291441840,1337,وبیمه,سرمایه گذاری صنعت بیمه,بورس,2855,2855,2785,2855,2852
284,120470,120590,116000,120490,120430,2126915,256147134330,1588,دفارا,داروسازی فارابی,بورس,32854,32886,31635,32859,32843
285,53000,53510,52500,53510,53350,6001001,320144415310,3186,فنوال,نورد آلومینیوم,بورس,8862,8948,8779,8948,8921
286,139500,144162,131000,144162,140921,4604008,648801911301,5360,بکام,کارخانجات تولیدی شهید قندی,بورس,7292,7536,6848,7536,7367
287,13950,14440,13351,13980,14033,239252901,3357401098107,42514,چکاپا,گروه  صنایع کاغذ پارس,فرابورس,12561,13002,12021,12588,12636
288,60630,60630,55280,58500,59050,3238601,191254048910,2383,داسوه,داروسازی اسوه,بورس,52806,52806,48146,50951,51430
289,33770,33770,33770,33770,33770,52883325,1785869885250,9355,فارس,صنایع پتروشیمی خلیج فارس,بورس,8131,8131,8131,8131,8131
290,58441,58441,56772,58000,58148,15269632,887898560368,2487,خدیزل,بهمن  دیزل,فرابورس,1602,1602,1556,1590,1594
291,19600,19650,17640,18720,18360,18150835,333334940520,5401,کسعدیح,ح . کاشی سعدی,نامعلوم,19600,19650,17640,18720,18360
292,53227,53227,53227,53227,52750,931937,49604210699,38401,زملارد,کشاورزی و دامپروری ملارد شیر,فرابورس,19179,19179,19179,19179,19007
293,49170,49173,47990,49173,49145,656354,32256536366,438,معیار,سرمایه گذاری معیار صنعت پارس,پایه زرد,8692,8693,8483,8693,8688
294,47000,49350,44650,44650,45622,18018369,822031367970,11712,تبرک,گروه کارخانجات صنعتی تبرک,فرابورس,43411,45581,41240,41240,42138
295,10990,11200,10700,11149,11015,16176506,178177328553,3466,آوا,صندوق س.سهام آوای معیار-س,نامعلوم,10900,11108,10612,11058,10925
296,33950,33950,31974,33950,33364,10834243,361474453403,4715,وکادو,تکادو,پایه زرد,6269,6269,5904,6269,6161
297,22705,24109,22705,24090,23546,121565824,2862446864950,9179,آریان,سرمایه گذاری پارس آریان,پایه زرد,7318,7770,7318,7764,7589
298,67560,67560,64570,66480,67030,1326293,88895385380,653,چکاوه,صنایع کاغذسازی کاوه,بورس,23983,23983,22921,23599,23794
299,153990,153990,147770,150000,153270,11918661,1826806818570,14311,بورس,بورس اوراق بهادار تهران,بورس,16388,16388,15726,15964,16312
300,10000,10000,10000,10000,10000,3495955,34959550000,227,وآرین,شرکت توسعه اقتصادی آرین,پایه زرد,5224,5224,5224,5224,5224
301,43767,43767,42951,43767,43764,4551801,199207218586,1755,وسنا,سرمایه گذاری نیروگاهی ایران,پایه زرد,29344,29344,28797,29344,29342
302,157000,159500,147540,158190,155050,5655586,876884653760,13237,سبهان,سیمان بهبهان,بورس,123902,125875,116436,124841,122363
303,65680,65680,61854,64840,65203,1485847,96882108919,1196,لخانه,لوازم خانگی پارس,پایه زرد,31009,31009,29203,30613,30784
304,9350,10330,9350,10330,10170,161770562,1644527550820,28219,ثاخت,بین المللی توسعه ساختمان,بورس,9350,10330,9350,10330,10170
305,95380,95380,95100,95380,95380,803306,76617755240,1191,بنیرو,نیروترانس,بورس,4581,4581,4567,4581,4581
306,30410,33610,30410,32800,32170,14924421,480132854020,6541,خفنر,فنرسازی خاور,بورس,11288,12476,11288,12175,11942
307,36380,37300,35500,37300,37000,3438927,127240913150,2093,رتکو,کنترل خوردگی تکین کو,بورس,36380,37300,35500,37300,37000
308,37893,37893,37893,37893,36810,223459,8467531887,31,خبازرس,بازرسی مهندسی و صنعتی ایران,پایه زرد,35706,35706,35706,35706,34686
309,6673,7198,6673,7110,6786,33298729,225956369131,3176,وپسا,س. پتروشیمی ساختمان  خلیج فارس,پایه زرد,6658,7182,6658,7094,6771
310,15209,16730,15209,16700,15976,22334931,356834006361,5298,سرچشمه,سرمایه گذاری مس سرچشمه,فرابورس,9219,10141,9219,10123,9684
311,7500,7870,7130,7500,7660,1957398988,15000036226110,153512,خودرو,ایران خودرو,بورس,7500,7870,7130,7500,7660
312,19200,20000,19200,19800,19600,4263575,83555848220,1678,سشمال,سیمان شمال,بورس,10905,11360,10905,11246,11133
313,92410,92410,92410,92410,92410,1004010,92780564100,162,شفا,سرمایه گذاری شفادارو,بورس,31956,31956,31956,31956,31956
314,23260,23270,21070,23270,23260,864680953,20110219892860,173561,فولاد,فولاد مبارکه اصفهان,بورس,4463,4465,4043,4465,4463
315,52800,53440,50500,53440,52630,21487869,1130841093910,4549,وامید,گروه مدیریت سرمایه گذاری امید,بورس,14191,14363,13573,14363,14145
316,10000,10000,10000,10000,10000,2040983,20409830000,762,فراز,صندوق س.سهام فراز داریک-س,نامعلوم,10000,10000,10000,10000,10000
317,10000,10000,10000,10000,10000,13542089,135420890000,1976,فراز,صندوق س.سهام فراز داریک-س,نامعلوم,10000,10000,10000,10000,10000
318,10000,10000,10000,10000,10000,11594414,115944140000,664,فراز,صندوق س.سهام فراز داریک-س,نامعلوم,10000,10000,10000,10000,10000
319,10000,10000,10000,10000,10000,1967440,19674400000,385,فراز,صندوق س.سهام فراز داریک-س,نامعلوم,10000,10000,10000,10000,10000
320,10000,10000,10000,10000,10000,3341904,33419040000,553,فراز,صندوق س.سهام فراز داریک-س,نامعلوم,10000,10000,10000,10000,10000
321,52440,52440,51150,52440,52390,24075199,1261372851050,7653,رانفور,خدمات انفورماتیک,بورس,10389,10389,10134,10389,10380
322,87640,87640,83470,87640,87120,75667991,6592045359680,65424,حکشتی,کشتیرانی جمهوری اسلامی ایران,بورس,23460,23460,22344,23460,23321
323,72097,72097,72097,72097,72097,376824,27167879928,150,ثعتما,س. ساختمانی اعتماد گستر,پایه زرد,35865,35865,35865,35865,35865
324,87730,87730,80000,86980,86720,21689200,1880812397970,5422,خکمک,کمک فنرایندامین,بورس,6899,6899,6291,6840,6820
325,32190,34880,32190,34500,33921,58738864,1992468608221,90853,بپیوند,برق و انرژی پیوندگستر پارس,فرابورس,28950,31370,28950,31028,30507
326,76730,76730,75000,76730,76710,992926,76167640720,1114,کفرا,فراورده های نسوزایران,بورس,28715,28715,28067,28715,28707
327,11300,11570,11300,11570,11560,121069469,1399125960330,21725,چکارن,کارتن ایران,بورس,11150,11416,11150,11416,11406
328,46000,46700,42550,44000,46120,7391158,340844918360,2556,فاما,صنعتی آما,بورس,10234,10390,9466,9789,10261
329,31400,31980,30348,31200,31185,18339282,571914541617,4702,ودی,بیمه  دی,فرابورس,9226,9396,8917,9167,9163
330,9400,9420,9240,9420,9410,68460740,644348568830,10575,ونیرو,سرمایه گذاری نیرو,بورس,8901,8919,8749,8919,8910
331,18000,18290,17470,18070,17920,63189906,1132448576850,39619,اپال,فرآوری معدنی اپال کانی پارس,بورس,15664,15917,15203,15725,15595
332,59400,59400,58810,59390,59370,97433497,5784742821860,62483,شبندر,پالایش نفت بندرعباس,بورس,7470,7470,7396,7469,7467
333,9378,9378,9201,9378,9375,11021604,103322959566,914,ممسنی,پتروشیمی ممسنی,پایه زرد,9378,9378,9201,9378,9375
334,73527,73527,71500,73527,73510,28734862,2112312903178,171481,سپیدار,سپیدار سیستم آسیا,فرابورس,17854,17854,17362,17854,17850
335,10710,10870,10650,10870,10720,37774693,404804842360,1423,امین یکم,صندوق درآمد ثابت امین یکم فردا,نامعلوم,10710,10870,10650,10870,10720
336,552400,552400,550510,552400,552380,218830,120877675880,1871,فپنتا,سپنتا,بورس,21781,21781,21707,21781,21780
337,290880,290880,279474,290880,288358,16663759,4805127000900,21128,گشان,توسعه بین المللی پدیده شاندیز,پایه نارنجی,100574,100574,96630,100574,99702
338,15327,15327,15327,15327,15327,15764629,241624468683,1911,غسالم,سالمین,بورس,13882,13882,13882,13882,13882
339,57776,57776,57776,57776,56947,684247,39533054672,664,دکپسول,تولید ژلاتین کپسول ایران,فرابورس,28328,28328,28328,28328,27922
340,22407,22407,22407,22407,22407,2991291,67025857437,1000,وآوا,سرمایه گذاری آوا نوین,فرابورس,8396,8396,8396,8396,8396
341,97000,101891,95000,101891,99508,9343239,929728812976,8544,حسینا,توسعه خدمات دریایی وبندری سینا,فرابورس,14195,14911,13903,14911,14562
342,24920,24920,24290,24920,24920,56059394,1396837537680,9058,تاپیکو,س. نفت و گاز و پتروشیمی تأمین,بورس,12777,12777,12454,12777,12777
343,35640,35640,34000,35640,35590,18007100,640871453670,4986,وبهمن,سرمایه گذاری بهمن,بورس,6567,6567,6265,6567,6558
344,67480,67480,63250,67480,67110,3702069,248444257259,28613,چخزر,صنایع چوب خزر کاسپین,فرابورس,57409,57409,53810,57409,57094
345,71010,77551,70500,77551,76451,5407303,413393855914,1915,حپارسا,توسعه حمل و نقل ریلی پارسیان,فرابورس,53904,58869,53517,58869,58034
346,77159,81931,77159,81931,80573,7877513,634716104814,3020,وحافظ,بیمه حافظ,پایه زرد,3707,3936,3707,3936,3871
347,67380,67380,67000,67380,67380,6567310,442496971590,1767,دجابر,داروسازی جابرابن حیان,بورس,29090,29090,28926,29090,29090
348,35900,37690,34110,34110,34470,52775950,1819411997710,17319,خزامیا,زامیاد,بورس,7684,8067,7301,7301,7378
349,4575,4575,4575,4575,4512,3460154,15830204550,295,جهرم,پتروشیمی جهرم,پایه زرد,4538,4538,4538,4538,4476
350,30759,30759,30759,30759,29123,104390,3210932010,1748,شصدف,صنعتی دوده فام,فرابورس,26541,26541,26541,26541,25130
351,52840,52840,52840,52840,52840,6260944,330828280960,2482,کلوند,کاشی الوند,بورس,38486,38486,38486,38486,38486
352,94147,94147,94147,94147,94147,260081,24485845907,99,گکیش,توریستی ورفاهی آبادگران کیش,پایه زرد,30423,30423,30423,30423,30423
353,166500,166650,159920,166650,166300,3125677,519792720650,5527,کماسه,تامین ماسه ریخته گری,بورس,12005,12015,11530,12015,11990
354,46210,46210,44520,45640,45830,7143144,327350962170,3131,بفجر,فجر انرژی خلیج فارس,بورس,9637,9637,9285,9518,9558
355,28300,28300,28300,28300,28300,2569380,72713454000,1034,سرود,سیمان شاهرود,بورس,19433,19433,19433,19433,19433
356,29570,29570,28300,28300,28710,1102962,31943820080,656,سرود,سیمان شاهرود,بورس,20305,20305,19433,19433,19715
357,57480,57480,57480,57480,57020,1174190,67492441200,642,کرماشا,صنایع پتروشیمی کرمانشاه,بورس,14781,14781,14781,14781,14663
358,16204,16204,15590,16204,16141,80528748,1299835135938,9900,هرمز,فولاد هرمزگان جنوب,فرابورس,6353,6353,6112,6353,6328
359,33080,33080,33080,33080,32270,1014798,33569517840,150,دروز,داروسازی روزدارو,بورس,16420,16420,16420,16420,16018
360,40010,40010,36380,40000,39520,14092629,556992473760,8024,سصوفی,سیمان صوفیان,بورس,30078,30078,27349,30070,29709
361,8527,8527,8527,8527,8527,3502973,29869850771,553,دهدشت,صنایع پتروشیمی دهدشت,پایه زرد,8527,8527,8527,8527,8527
362,190000,209000,189800,209000,203850,6556099,1336479760580,12729,پتایر,ایران تایر,بورس,3842,4226,3838,4226,4122
363,26200,27340,26190,27330,27160,250395371,6801039575860,62665,وبملت,بانک ملت,بورس,3465,3616,3464,3615,3592
364,66400,66400,66400,66400,66160,825193,54792815200,293,قزوین,کارخانجات قند قزوین,بورس,8497,8497,8497,8497,8466
365,11370,11370,11100,11370,11360,51779207,588153961980,11673,ختوقا,قطعات اتومبیل ایران,بورس,11115,11115,10851,11115,11105
366,47129,52089,47129,52089,50252,2094665,105262085443,1517,وآتوس,توسعه س. کشاورزی آرین توسکا,پایه زرد,1928,2131,1928,2131,2056
367,14998,15448,13020,15290,14639,62571274,915954643041,18299,مدیر,ص.س.مدیریت ثروت ص.بازنشستگی-س,نامعلوم,14272,14700,12390,14550,13930
368,742570,820730,742570,820730,795610,36618,30003745080,119,وملی,گروه صنعتی ملی (هلدینگ,بورس,723098,799209,723098,799209,774747
369,81910,81910,81910,81910,81910,1969152,161293240320,1033,ثشاهد,سرمایه گذاری شاهد,بورس,51015,51015,51015,51015,51015
370,72061,72061,72061,72061,73429,20170,1453470370,36,واحصا,احیاء صنایع خراسان,پایه زرد,35692,35692,35692,35692,36369
371,56580,62000,56540,62000,57460,769586,44047391160,485,کخاک,صنایع خاک چینی ایران,بورس,20147,22077,20133,22077,20461
372,19554,19554,19554,19554,19554,25553217,499667605218,2171,شلرد,کود شیمیایی اوره لردگان,پایه زرد,18967,18967,18967,18967,18967
373,109800,114340,109700,114340,114070,6076330,693136906950,6938,خنصیر,مهندسی نصیرماشین,بورس,13030,13569,13018,13569,13537
374,16010,17220,16010,17220,17040,21371740,364151090460,6639,وایران,لیزینگ ایرانیان,بورس,9247,9946,9247,9946,9842
375,18544,18544,18544,18544,18471,439494,8149976736,127,سفارود,کارخانه فارسیت درود,پایه زرد,18544,18544,18544,18544,18471
376,31770,31770,30190,30190,30440,3705258,112778677480,1340,ساراب,سیمان داراب,بورس,17694,17694,16814,16814,16953
377,44650,45600,41610,45600,45280,4000226,181139243420,1310,کساپا,سایپاشیشه,بورس,4158,4246,3875,4246,4217
378,177280,177280,177280,177280,177280,364227,64570162560,425,سفار,سیمان فارس,بورس,155874,155874,155874,155874,155874
379,10800,21788,10172,14000,12420,2597620,32261975800,1047,صایند,صندوق س. گنجینه آینده روشن-د,پایه زرد,10800,21788,10172,14000,12420
380,5853,5853,5792,5853,5851,158063697,924769292807,15570,تپکو,تولیدتجهیزات سنگین هپکو,پایه زرد,5853,5853,5792,5853,5851
381,105320,105320,100500,105320,105290,8034730,845945351010,2818,شنفت,نفت پارس,بورس,10573,10573,10089,10573,10570
382,13706,15148,13706,14900,14621,28799248,421064791324,5297,وسبحان,سرمایه گذاری سبحان,فرابورس,1516,1676,1516,1648,1618
383,66500,67650,61510,67650,65705,5759614,378433606862,4130,کمینا,شیشه سازی مینا,پایه زرد,18905,19232,17487,19232,18679
384,14000,14210,13960,14210,14170,23340915,330820550990,2788,سیدکو,سرمایه گذاری توسعه صنایع سیمان,بورس,8054,8174,8031,8174,8151
385,74870,75300,74600,74950,74960,2407457,180470853770,2516,سرو,صندوق س سروسودمند مدبران-سهام,نامعلوم,74870,75300,74600,74950,74960
386,10200,10200,9820,10200,10160,38303311,389340755160,3493,ما,بیمه  ما,بورس,4259,4259,4100,4259,4242
387,91912,101490,91912,99000,95663,24091147,2304632764582,28661,دماوند,تولید نیروی برق دماوند,فرابورس,43672,48223,43672,47040,45454
388,116028,116028,116028,116028,114127,79365,9208562220,61,کهرام,تولیدی گرانیت بهسرام,پایه نارنجی,116028,116028,116028,116028,114127
389,171240,174650,167520,174000,171670,825729,141755283930,1394,پارس,پتروشیمی پارس,بورس,1609,1641,1574,1635,1613
390,19536,19536,19536,19536,19162,2389423,46679767728,461,وملل,اعتباری ملل,فرابورس,11230,11230,11230,11230,11015
391,34440,34440,31400,34430,33630,53139361,1786892161190,187871,آبادا,تولید نیروی برق آبادان,بورس,31196,31196,28442,31187,30462
392,4050,4171,4050,4171,793,5566173,23111743242,353,فبستم,صنایع بسته بندی مشهد,پایه زرد,8276,8523,8276,8523,1620
393,8000,8131,7900,8131,8070,12624208,101883295472,2349,کازرو,پتروشیمی کازرون,پایه زرد,8000,8131,7900,8131,8070
394,67920,67940,64940,67940,67100,6670096,447576453510,3523,کروی,توسعه معادن روی ایران,بورس,10902,10905,10424,10905,10771
395,45340,45340,45340,45340,45340,3970689,180031039260,763,شپاس,نفت پاسارگاد,فرابورس,30381,30381,30381,30381,30381
396,65100,68350,61850,65600,67140,4123843,276869609750,4178,ختور,رادیاتور ایران,بورس,13198,13857,12539,13299,13611
397,96000,97050,90600,96780,95360,1916952,182798230860,1356,تکشا,گسترش صنایع وخدمات کشاورزی,بورس,92705,93719,87490,93458,92087
398,10365,10400,10363,10398,10367,2311097,23959381648,122,فردا,صندوق س آوای فردای زاگرس-ثابت,نامعلوم,10365,10400,10363,10398,10367
399,10190,10690,10190,10390,10330,24001219,247990597940,3145,ولساپا,لیزینگ رایان سایپا,بورس,5587,5862,5587,5697,5664
400,40150,40820,39490,40000,40650,5541114,225254377820,1693,دسبحا,گروه دارویی سبحان,بورس,13495,13720,13273,13445,13663
401,13730,13730,13080,13350,13450,19301642,259608249230,5453,دانا,بیمه دانا,بورس,2794,2794,2662,2717,2737
402,34380,34380,33020,34380,34270,3011717,103207445070,1505,پاسا,ایران یاساتایرورابر,بورس,14127,14127,13568,14127,14082
403,150000,154000,145501,150000,149627,74690,11175662340,181,آسام,صندوق س.آرمان سپهر آشنا-م,نامعلوم,16666,17111,16166,16666,16625
404,62410,62410,62410,62410,62000,775988,48429411080,553,بالبر,کابل البرز,بورس,30814,30814,30814,30814,30612
405,56100,56100,54600,55700,55920,6440709,360182823610,4077,کنور,توسعه معدنی و صنعتی صبانور,بورس,10163,10163,9891,10090,10130
406,27700,28924,26170,28830,28101,77181410,2168840164462,12317,کوثر,بیمه کوثر,فرابورس,6693,6988,6323,6966,6789
407,41400,41400,41400,41400,41380,1402910,58080474000,837,فلوله,لوله وماشین سازی ایران,بورس,3057,3057,3057,3057,3055
408,41100,41100,39000,39990,40920,40469225,1655843521390,14133,شسپا,نفت سپاهان,بورس,3101,3101,2943,3017,3088
409,218113,218113,218113,218113,211290,34212,7462081956,68,گپارس,امور رفاهی کارگزاران پارس,پایه زرد,215291,215291,215291,215291,208556
410,60000,61153,55401,61153,59958,2063385,123716704239,681,فافزا,فولاد افزا سپاهان,پایه زرد,54354,55398,50188,55398,54316
411,41810,41860,38500,41860,41520,3722677,154564632464,1626,حخزر,کشتیرانی دریای خزر,فرابورس,10120,10133,9319,10133,10050
412,15400,15762,14910,15762,15669,61874646,969512573174,8804,لکما,کارخانجات مخابراتی ایران,پایه زرد,5476,5604,5301,5604,5571
413,186860,186860,186860,186860,186860,489357,91441249020,604,وآذر,سرمایه گذاری توسعه آذربایجان,بورس,19414,19414,19414,19414,19414
414,56260,56270,54300,56270,56200,1601264,89986785310,415,حپترو,حمل و نقل پتروشیمی( سهامی عام,بورس,55686,55695,53746,55695,55626
415,58545,58545,57000,58545,58391,3000314,175189944937,1915,لپیام,گسترش صنایع پیام,پایه زرد,58452,58452,56909,58452,58298
416,12068,12086,12066,12086,12082,17415358,210419731305,727,یاقوت,صندوق س یاقوت آگاه-ثابت,نامعلوم,12068,12086,12066,12086,12082
417,28082,28082,26800,28080,27565,579182,16011252958,587,ساروج,بین المللی ساروج بوشهر,پایه زرد,20693,20693,19748,20691,20312
418,9550,9550,9273,9550,9547,132577333,1265689696900,21874,بجهرم,توسعه مولد نیروگاهی جهرم,فرابورس,9106,9106,8842,9106,9103
419,62220,67270,62220,67270,65810,9899838,651491039890,3978,مرقام,ایران ارقام,بورس,62220,67270,62220,67270,65810
420,28638,28638,28638,28638,28638,6527103,186923175714,784,وسین,بیمه سینا,پایه زرد,6308,6308,6308,6308,6308
421,35206,35206,35206,35206,33853,150,5280900,1,بتک,کارخانجات کابل سازی تک,پایه نارنجی,35206,35206,35206,35206,33853
422,148891,151465,142892,151465,150145,2946153,442350798059,4934,کلر,کلر پارس,فرابورس,62903,63991,60369,63991,63433
423,47020,47020,44900,47020,46930,6532631,306586326140,3042,کسرا,سرامیک های صنعتی اردکان,بورس,7863,7863,7508,7863,7848
424,4362,4362,4362,4362,4333,1546251,6744746862,186,شستان,پتروشیمی گلستان,پایه زرد,1103,1103,1103,1103,1096
425,47200,49440,46310,46400,47900,32859164,1574013058670,18269,شیران,س. صنایع شیمیایی ایران,بورس,5228,5476,5129,5139,5305
426,16620,16620,16620,16620,16620,8859236,147240502320,2670,غشهد,شهد ایران,بورس,6105,6105,6105,6105,6105
427,23190,23190,22090,22580,23020,22972122,528773427600,7963,رتاپ,تجارت الکترونیک  پارسیان,بورس,8484,8484,8081,8260,8421
428,26900,27990,25700,27990,27720,22849706,633313374020,6555,کحافظ,کاشی وسرامیک حافظ,بورس,9611,10000,9182,10000,9904
429,71900,74640,71090,73750,73750,4995539,368407252110,2028,شیراز,پتروشیمی شیراز,بورس,18588,19297,18379,19067,19067
430,28300,30910,28300,30890,29620,7106720,210472485120,2966,فایرا,آلومینیوم ایران,بورس,3344,3652,3344,3650,3500
431,61000,67000,61000,66760,63070,8624242,543945030390,5517,شخارک,پتروشیمی خارک,بورس,41888,46009,41888,45844,43310
432,36100,36100,36100,36100,36100,11654782,420737630200,20628,شاروم,پتروشیمی ارومیه,فرابورس,11865,11865,11865,11865,11865
433,38410,39938,38000,39938,39522,15286647,604161824812,3042,سمگا,گروه سرمایه گذاری میراث فرهنگی,فرابورس,10110,10512,10002,10512,10403
434,11490,11834,11146,11146,11292,33596362,379372103683,4194,خاور,ایران خودرو دیزل,پایه زرد,1372,1413,1331,1331,1348
435,30608,30608,30608,30608,30497,1697116,51945326528,479,نطرین,عطرین نخ قم,فرابورس,20124,20124,20124,20124,20051
436,123690,131500,110000,131000,125198,141250,17684192390,641,ثروتم,صندوق س. ثروت آفرین پارسیان-س,نامعلوم,123697,131508,110007,131008,125206
437,64500,66078,62210,66078,65810,6042693,397669341251,4168,غدیس,پاکدیس,فرابورس,13173,13495,12705,13495,13440
438,18750,18750,18100,18750,18720,9117214,170660867480,2865,سیلام,سیمان ایلام,بورس,18394,18394,17756,18394,18364
439,19320,19320,17900,18790,18870,34067651,642981853590,10683,سمازن,سیمان مازندران,بورس,8973,8973,8314,8727,8764
440,71817,71817,71817,71817,72646,296344,21282537048,60,مفاخر,توسعه فناوری اطلاعات خوارزمی,فرابورس,14381,14381,14381,14381,14547
441,22000,22560,20730,22560,22370,14034634,313920775760,3997,تکمبا,کمباین سازی ایران,بورس,20696,21222,19501,21222,21044
442,67500,69270,66500,69270,69160,4780105,330615904270,3354,شفارس,صنایع شیمیایی فارس,بورس,3456,3547,3405,3547,3541
443,93379,93379,90000,91089,93288,2020845,188520023936,1450,بالاس,مهندسی ساختمان تاسیسات راه آهن,فرابورس,92623,92623,89272,90352,92533
444,8772,8772,8114,8714,8684,12722685,110489045964,2899,وملت,سرمایه گذاری ملت,پایه نارنجی,8772,8772,8114,8714,8684
445,57498,63550,57498,63550,61349,5166325,316949475351,3890,ولراز,لیزینگ رازی,پایه زرد,57498,63550,57498,63550,61349
446,51669,51669,51669,51669,51669,3084339,159364711791,777,آبین,کشت و صنعت آبشیرین,پایه زرد,8170,8170,8170,8170,8170
447,229000,232331,217000,232331,228730,3181917,727800472731,5118,زاگرس,پتروشیمی زاگرس,فرابورس,177479,180061,168179,180061,177270
448,159700,167500,154000,164000,162150,1029131,166868926690,750,شاملا,معدنی املاح ایران,بورس,21974,23048,21190,22566,22312
449,49433,49433,48079,49433,49369,19270754,951377454720,5528,وسدید,گروه صنعتی سدید,پایه زرد,6540,6540,6361,6540,6532
450,75567,75569,71170,75569,75180,9088846,683301183291,2656,شساخت,مهندسی و ساختمان صنایع نفت,پایه زرد,24024,24025,22626,24025,23901
451,41100,41400,40100,41400,41250,4746289,195791063110,3697,سغرب,سیمان غرب,بورس,32647,32885,31853,32885,32766
452,20580,22270,20580,22270,22210,84768024,1882962613350,12834,ونیکی,سرمایه گذاری ملی ایران,بورس,8959,9695,8959,9695,9669
453,43480,43650,41580,42800,43140,7654371,330172194110,4927,خشرق,الکتریک خودرو شرق,بورس,23400,23492,22378,23034,23217
454,44740,44740,40480,43400,44300,15627139,692348238430,7622,چافست,افست,بورس,20757,20757,18781,20135,20553
455,68500,72857,68500,71990,71715,9775815,701068096923,5489,کگهر,سنگ آهن گهرزمین,فرابورس,56679,60284,56679,59567,59339
456,50110,51000,50110,51000,50940,122227,6225872790,325,نگین,ص.س. زمین و ساختمان نگین شهرری,نامعلوم,50110,51000,50110,51000,50940
457,50000,51000,50000,51000,50900,72529,3692043510,58,نگین,ص.س. زمین و ساختمان نگین شهرری,نامعلوم,50000,51000,50000,51000,50900
458,51000,51000,50050,51000,50990,92535,4718407650,70,نگین,ص.س. زمین و ساختمان نگین شهرری,نامعلوم,51000,51000,50050,51000,50990
459,51000,51000,50990,51000,51000,302114,15407811500,66,نگین,ص.س. زمین و ساختمان نگین شهرری,نامعلوم,51000,51000,50990,51000,51000
460,51000,51000,51000,51000,51000,50670,2584170000,15,نگین,ص.س. زمین و ساختمان نگین شهرری,نامعلوم,51000,51000,51000,51000,51000
461,51000,51000,50100,51000,51000,583955,29780677460,120,نگین,ص.س. زمین و ساختمان نگین شهرری,نامعلوم,51000,51000,50100,51000,51000
462,51000,51000,51000,51000,51000,52778,2691678000,11,نگین,ص.س. زمین و ساختمان نگین شهرری,نامعلوم,51000,51000,51000,51000,51000
463,51120,53000,51000,51000,51000,76537,3903387000,14,نگین,ص.س. زمین و ساختمان نگین شهرری,نامعلوم,51120,53000,51000,51000,51000
464,51000,51000,50820,51000,51000,306678,15640535880,79,نگین,ص.س. زمین و ساختمان نگین شهرری,نامعلوم,51000,51000,50820,51000,51000
465,51000,51000,50610,51000,51000,305616,15585942000,62,نگین,ص.س. زمین و ساختمان نگین شهرری,نامعلوم,51000,51000,50610,51000,51000
466,51000,51000,50020,51000,50970,340338,17347584570,168,نگین,ص.س. زمین و ساختمان نگین شهرری,نامعلوم,51000,51000,50020,51000,50970
467,51000,51000,51000,51000,51000,128663,6561813000,23,نگین,ص.س. زمین و ساختمان نگین شهرری,نامعلوم,51000,51000,51000,51000,51000
468,51000,51000,50600,51000,50920,80397,4094124980,108,نگین,ص.س. زمین و ساختمان نگین شهرری,نامعلوم,51000,51000,50600,51000,50920
469,51000,51000,51000,51000,51000,24667,1258017000,36,نگین,ص.س. زمین و ساختمان نگین شهرری,نامعلوم,51000,51000,51000,51000,51000
470,51000,51000,51000,51000,51000,12949,660399000,34,نگین,ص.س. زمین و ساختمان نگین شهرری,نامعلوم,51000,51000,51000,51000,51000
471,51000,51000,50500,51000,50980,169860,8659800440,71,نگین,ص.س. زمین و ساختمان نگین شهرری,نامعلوم,51000,51000,50500,51000,50980
472,51000,51000,51000,51000,51000,100,5100000,1,نگین,ص.س. زمین و ساختمان نگین شهرری,نامعلوم,51000,51000,51000,51000,51000
473,52000,51000,51000,51000,51000,299952,15297552000,19,نگین,ص.س. زمین و ساختمان نگین شهرری,نامعلوم,52000,51000,51000,51000,51000
474,71880,72970,69500,72400,72020,6878607,495399595227,2049,غویتا,ویتانا,فرابورس,13539,13745,13091,13637,13566
475,21229,21229,20630,21229,21207,29895684,634006782903,5156,ارفع,شرکت آهن و فولاد ارفع,فرابورس,15081,15081,14656,15081,15066
476,10745,10745,10745,10745,10745,2725443,29284885035,543,خکاوه,سایپا دیزل,پایه زرد,10745,10745,10745,10745,10745
477,26270,26270,26270,26270,26270,5085169,133587389630,849,ملت,بیمه ملت,بورس,2302,2302,2302,2302,2302
478,79620,79620,79620,79620,78710,502367,39998460540,61,قشکر,شکرشاهرود,بورس,6464,6464,6464,6464,6390
479,58308,58308,56670,57790,57598,1125662,64835464744,800,حآسا,آسیا سیر ارس,فرابورس,27175,27175,26411,26933,26844
480,53030,53030,53030,53030,50510,832,44120960,1,شتران,پالایش نفت تهران,بورس,6818,6818,6818,6818,6494
481,17146,17146,16700,17146,17139,9097077,155912039680,1482,کقزوی,شیشه قزوین,پایه زرد,14409,14409,14034,14409,14403
482,242219,242219,235578,239700,237269,168270,40409560048,366,ساینا,صنایع بهداشتی ساینا,فرابورس,94962,94962,92358,93974,93021
483,10960,10960,10960,10960,10960,5830888,63906532480,759,واعتبار,سرمایه گذاری اعتبار ایران,بورس,3924,3924,3924,3924,3924
484,39000,39640,38000,39640,39360,1544474,60794504350,807,دلقما,دارویی لقمان,بورس,3492,3549,3403,3549,3524
485,18150,18160,18150,18160,18157,134035,2433693648,26,اوصتا,صندوق اندیشه ورزان صباتامین -د,پایه زرد,18150,18160,18150,18160,18157
486,174643,174643,160012,174643,174390,2404221,419272594094,5006,شراز,پالایش نفت شیراز,فرابورس,10603,10603,9714,10603,10587
487,116200,125120,114010,124800,122900,6412452,788088740880,3831,شکربن,کربن ایران,بورس,3482,3749,3416,3739,3682
488,9036,9036,9036,9036,8606,2440,22047840,2,کباده,تولید خاک نسوزاستقلال آباده,پایه زرد,2392,2392,2392,2392,2278
489,9036,9036,9036,9036,8606,2000,18072000,2,کباده,تولید خاک نسوزاستقلال آباده,پایه زرد,2392,2392,2392,2392,2278
490,9036,9036,9036,9036,8607,4278,38656008,4,کباده,تولید خاک نسوزاستقلال آباده,پایه زرد,2392,2392,2392,2392,2278
491,9037,9037,9037,9037,8607,1089,9841293,2,کباده,تولید خاک نسوزاستقلال آباده,پایه زرد,2392,2392,2392,2392,2278
492,9037,9037,9037,9037,8607,1300,11748100,2,کباده,تولید خاک نسوزاستقلال آباده,پایه زرد,2392,2392,2392,2392,2278
493,40050,40280,38370,40280,39650,6265811,248419051300,3693,دالبر,البرزدارو,بورس,8023,8069,7686,8069,7942
494,10108,10108,9649,9660,9917,30035245,297866045960,5327,نوین,بیمه نوین,فرابورس,5072,5072,4842,4848,4977
495,80000,82888,79010,82600,80026,33051354,2644982842321,10853,آگاس,صندوق س.هستی بخش آگاه-س,نامعلوم,81659,84607,80649,84313,81686
496,19882,19882,19882,19882,19118,48,954336,1,تفیرو,مهندسی فیروزا,پایه زرد,18329,18329,18329,18329,17624
497,16240,17900,16240,17850,16850,23262058,392009028370,5643,پردیس,سرمایه گذاری پردیس,بورس,3297,3635,3297,3624,3421
498,37750,37750,36720,37750,37572,19107260,717902013854,3339,بنو,بیمه تجارت نو,فرابورس,18739,18739,18227,18739,18650
499,51509,51509,51000,51509,51509,9664079,497785884726,1615,وهور,مدیریت انرژی امید  تابان هور,فرابورس,2860,2860,2832,2860,2860
500,17790,18650,16910,16980,17780,33895896,602569897950,12696,خوساز,محورسازان ایران خودرو,بورس,17591,18442,16721,16790,17581
501,500,500,500,500,500,355497966,177748983000,355238,اتکاسا,بیمه اتکایی سامان50%تادیه-پذیر,فرابورس,473,473,473,473,473
502,252900,256453,248900,252699,255556,1282331,327707968987,1575,واحیا,م .صنایع و معادن احیاء سپاهان,پایه زرد,12898,13079,12694,12887,13033
503,72530,76150,72530,76150,75910,7039214,534372858300,6046,فجام,جام دارو,بورس,8490,8913,8490,8913,8885
504,71500,75000,70000,74980,73860,4601290,339851045560,4631,وساخت,سرمایه گذاری ساختمان ایران,بورس,2446,2566,2395,2565,2527
505,79400,79400,75010,78970,77010,437059,33743753460,689,دارو,کارخانجات داروپخش,بورس,17696,17696,16717,17600,17163
506,197238,197238,190000,197237,197140,27285156,5379004345167,30515,آریا,پلیمر آریا ساسول,فرابورس,48600,48600,46816,48599,48576
507,130250,130250,130250,130250,130250,902071,117494747750,631,وشمال,س. چشم انداز توسعه شمال,پایه زرد,130250,130250,130250,130250,130250
508,11778,11778,11450,11600,11541,5954911,68727884085,163,سپر,صندوق س سپر سرمایه بیدار- ثابت,نامعلوم,11778,11778,11450,11600,11541
509,21850,21850,21200,21850,21670,49709718,1077057939590,15810,ورنا,سرمایه گذاری رنا(هلدینگ,بورس,14529,14529,14097,14529,14410
510,92009,94681,92009,94681,94167,1480534,139417602143,1833,قچار,فراوردههای غذایی وقند چهارمحال,فرابورس,14288,14703,14288,14703,14624
511,29554,29554,29554,29554,29554,5506018,162724855972,1246,کیسون,شرکت کیسون,پایه زرد,6860,6860,6860,6860,6860
512,122510,122510,119250,122510,122440,5348154,654837828410,2849,قنیشا,قند  نیشابور,بورس,8134,8134,7918,8134,8130
513,38200,40880,37200,40880,40040,62241909,2492166309150,11467,خبهمن,گروه بهمن,بورس,2719,2910,2648,2910,2850
514,45880,45880,45880,45880,45880,5711646,262050318480,2396,آسیا,بیمه آسیا,بورس,2957,2957,2957,2957,2957
515,43990,43990,41800,41800,42060,7275128,306004677610,3876,غشاذر,پگاه آذربایجان غربی,بورس,17981,17981,17086,17086,17192
516,42253,42253,41100,42253,42205,12861445,542817096616,5684,رنیک,جنرال مکانیک,فرابورس,16412,16412,15964,16412,16394
517,23170,23170,21160,22100,22900,67487239,1545795125500,13449,وسپه,سرمایه گذاری سپه,بورس,3906,3906,3567,3725,3860
518,29999,29999,29000,29999,29991,16299295,488839156437,5138,ولیز,لیزینگ ایران,بورس,8403,8403,8123,8403,8401
519,487620,487620,486000,487620,487620,231818,113038877790,1051,بکاب,صنایع جوشکاب یزد,بورس,23842,23842,23763,23842,23842
520,37560,37560,36000,37560,37260,24996179,931296850720,8870,شاراک,پتروشیمی شازند,بورس,24380,24380,23368,24380,24186
521,10570,10605,10482,10605,10582,304292,3219885724,20,گنجینه,صندوق س. گنجینه داریوش-د,پایه زرد,10517,10552,10429,10552,10529
522,96000,100124,96000,100124,99650,2209856,220212150130,1124,اوان,مبین وان کیش,فرابورس,42236,44051,42236,44051,43842
523,14200,14200,13880,14200,14140,183135305,2588628875160,36587,غگل,گلوکوزان,بورس,7800,7800,7625,7800,7767
524,18517,18517,18517,18517,18517,11259597,208493957649,1241,تشتاد,صنایع تولیدی اشتاد ایران,پایه زرد,18513,18513,18513,18513,18513
525,19110,19110,18100,18850,18580,36633539,680634073750,4521,وتوسم,سرمایه گذاری توسعه ملی,بورس,3594,3594,3404,3545,3494
526,9658,9658,9300,9658,9638,13215705,127370653561,1194,آرمان,بیمه آرمان,پایه زرد,8430,8430,8118,8430,8413
527,56500,57120,55000,57120,57050,2851143,162644361060,1331,آباد,توریستی ورفاهی آبادگران ایران,بورس,56431,57050,54933,57050,56980
528,24720,24720,24720,24720,24720,12668550,313166556000,2770,خمحرکه,نیرو محرکه,بورس,24112,24112,24112,24112,24112
529,66000,67290,64100,67290,66790,9722096,649378600610,8160,کبافق,معادن بافق,بورس,58427,59569,56745,59569,59126
530,48130,48130,46010,46140,47560,10921808,519397869820,3568,چدن,تولیدی چدن سازان,بورس,6682,6682,6387,6405,6603
531,22224,24000,22224,23890,22659,36297859,822456183472,3498,فوکا,فولاد کاویان,پایه زرد,19438,20992,19438,20896,19819
532,239010,242500,237707,242200,240606,689751,165958560742,1161,کاریس,صندوق س.سپند کاریزما-س,نامعلوم,15230,15453,15147,15434,15332
533,131001,142983,131001,142983,142463,2267069,322974126130,1199,دلر,داروسازی اکسیر,بورس,18144,19804,18144,19804,19732
534,22213,22330,22110,22319,22221,984668,21880492326,126,فیروزا,صندوق ارمغان فیروزه آسیا-ثابت,نامعلوم,22213,22330,22110,22319,22221
535,22319,22319,22188,22319,22258,176151,3920795407,55,فیروزا,صندوق ارمغان فیروزه آسیا-ثابت,نامعلوم,22319,22319,22188,22319,22258
536,90188,90188,86753,90188,89865,18455991,1658538597049,12530,فروی,ذوب روی اصفهان,فرابورس,26820,26820,25799,26820,26724
537,56328,56328,56328,56328,54535,354312,19957686336,57,کی بی سی,شرکت کی بی سی,فرابورس,28485,28485,28485,28485,27578
538,9280,9280,8400,9280,9260,105382040,975639594720,42673,ولپارس,لیزینگ پارسیان,بورس,8155,8155,7382,8155,8138
539,19840,19840,18280,19800,19820,18553627,367652281020,3490,ولصنم,لیزینگ صنعت ومعدن,بورس,7784,7784,7172,7768,7776
540,417310,417310,378580,417310,414570,981545,406923826890,3424,سصفها,سیمان اصفهان,بورس,158103,158103,143430,158103,157065
541,132040,132040,125760,131800,131700,14401702,1896644672680,13472,غنوش,نوش مازندران,بورس,45638,45638,43468,45555,45521
542,40510,40510,40510,40510,39070,323876,13120216760,88,قشهد,شهد,بورس,13833,13833,13833,13833,13341
543,178000,188270,178000,185000,182330,314732,57383812800,702,زپارس,ملی کشت و صنعت و دامپروری پارس,بورس,40938,43300,40938,42547,41933
544,31540,31540,31540,31540,31540,8946793,282181851220,2876,دزهراوی,داروسازی زهراوی,بورس,25127,25127,25127,25127,25127
545,60142,60142,58800,60142,60104,16957973,1019242830546,7533,مادیرا,صنایع مادیران,فرابورس,14632,14632,14305,14632,14622
546,123130,136090,123130,136090,133220,2890085,385020869340,3935,خلنت,لنت ترمزایران,بورس,17757,19626,17757,19626,19212
547,66627,66627,66627,66627,66411,283069,18860038263,346,شمواد,تولید مواداولیه الیاف مصنوعی,پایه زرد,61863,61863,61863,61863,61662
548,65144,65144,61350,65144,64326,3430183,220651412216,2196,بایکا,کارخانجات کابلسازی ایران,پایه زرد,65144,65144,61350,65144,64326
549,8972,9400,8972,9400,9378,101725,953976560,33,گوهرانح,ح . س. توسعه گوهران امید,فرابورس,8972,9400,8972,9400,9378
550,17800,17830,16190,17300,17360,35146954,610101830590,13509,خمهر,مهرکام پارس,بورس,5938,5948,5401,5771,5791
551,53870,53870,50720,51820,53040,61075575,3239552953550,25856,فخوز,فولاد  خوزستان,بورس,4450,4450,4190,4281,4381
552,31198,31354,31197,31198,31201,26274089,819765240717,1330,آکورد,صندوق س. آرمان آتی کوثر-د,پایه زرد,31198,31354,31197,31198,31201
553,61250,61380,55540,59700,58340,2685603,156687898900,2254,مداران,داده پردازی ایران,بورس,19346,19388,17543,18857,18427
554,37730,39200,37000,39200,38670,11694356,452220833490,4892,فرآور,فرآوری موادمعدنی ایران,بورس,35851,37248,35157,37248,36744
555,42000,44100,39900,43880,42500,4387448,186447639810,2035,دکیمی,کیمیدارو,بورس,34969,36718,33221,36534,35385
556,28330,28330,25650,28330,27440,19490255,534877636330,3887,خچرخش,چرخشگر,بورس,28076,28076,25420,28076,27194
557,16940,16940,16940,16940,16940,4182173,70846010620,10909,امین,تامین سرمایه امین,بورس,6110,6110,6110,6110,6110
558,81010,83000,77580,81900,79010,14176513,1120126899640,8451,فاسمین,کالسیمین,بورس,4726,4842,4526,4778,4609
559,78500,79089,72000,79089,77590,3726549,289144663327,3687,پلاست,کارخانجات تولیدی پلاستیران,پایه زرد,9721,9794,8916,9794,9609
560,26691,26691,25420,26691,26673,7778161,207468485258,1304,وثوق,سرمایه گذاری وثوق امین,پایه زرد,20729,20729,19742,20729,20715
561,21081,21081,21081,21081,20947,2157410,45480360210,841,آ س پ,آ.س.پ,فرابورس,20850,20850,20850,20850,20717
562,149230,149230,149230,149230,151460,87629,13076875670,77,بشهاب,لامپ پارس شهاب,بورس,31144,31144,31144,31144,31609
563,268010,278000,268010,268010,269460,2395520,645499453120,7614,سنیر,سیمان سفید نی ریز,بورس,108265,112300,108265,108265,108850
564,35350,37117,33700,36460,35130,10982077,385805673529,4808,دسانکو,داروسازی سبحان انکولوژی,فرابورس,20674,21707,19709,21323,20545
565,92090,92090,92090,92090,90323,790618,72808011620,187,غصینو,صنعتی مینو,فرابورس,35326,35326,35326,35326,34648
566,24780,24780,24780,24780,24780,79288941,1964779957980,14908,وغدیر,سرمایه گذاری غدیر(هلدینگ,بورس,18486,18486,18486,18486,18486
567,15895,15964,15895,15964,15949,2277452,36322782609,317,تصمیم,صندوق س با درآمد ثابت تصمیم,نامعلوم,15895,15964,15895,15964,15949
568,87000,89000,83000,86000,85660,5690750,487463120010,4256,غچین,کشت و صنعت چین چین,بورس,9464,9682,9029,9355,9318
569,106461,106461,102600,105000,105738,6669406,705210470283,8019,بپاس,بیمه پاسارگاد,فرابورس,17530,17530,16894,17289,17411
570,33010,34910,32900,34910,34193,12080124,413057279361,4341,ثالوند,سرمایه گذاری مسکن الوند,فرابورس,19562,20688,19496,20688,20263
571,20060,21990,20060,21840,20920,14183774,296741450180,5300,غالبر,لبنیات کالبر,بورس,19659,21550,19659,21403,20502
572,4830,4840,4380,4840,4830,1200873977,5796605801120,74218,وبصادر,بانک صادرات ایران,بورس,4794,4804,4347,4804,4794
573,50800,53420,50800,53420,53130,8844952,469936399070,4185,خزر,فنرسازی زر,بورس,11108,11681,11108,11681,11618
574,84368,84368,84368,84368,83856,193337,16311456016,220,ومشان,س. فنی و مهندسی مشانیر,پایه زرد,6452,6452,6452,6452,6413
575,74870,74870,73800,73851,74585,1229821,91726370753,708,پارتا,مجتمع صنعتی آرتاویل تایر,پایه زرد,12707,12707,12525,12534,12658
576,1620000,1620000,1620000,1620000,1620000,50,81000000,1,رویش,ص.س.جسورانه رویش لوتوس,نامعلوم,1620000,1620000,1620000,1620000,1620000
577,9992,10281,9705,9999,10203,168466110,1718881374844,27180,خصدرا,صنعتی دریایی ایران,پایه زرد,9992,10281,9705,9999,10203
578,62965,62965,62965,62965,62965,962894,60628620710,296,پخش,پخش البرز,فرابورس,14032,14032,14032,14032,14032
579,34900,35287,33800,35287,35190,4547917,160042751908,2206,دبالک,مواد اولیه دارویی البرز بالک,فرابورس,13048,13193,12637,13193,13156
580,24024,24024,24024,24024,22702,60983,1465055592,4237,غگیلا,شیرپاستوریزه پگاه گیلان,فرابورس,10603,10603,10603,10603,10019
581,53913,59587,53913,59470,57528,15265945,878223642359,7748,فولای,صنایع فولاد آلیاژی یزد,فرابورس,6049,6686,6049,6672,6455
582,23520,23520,22560,23520,23310,15076759,351436873650,5364,شلعاب,لعابیران,بورس,23014,23014,22075,23014,22809
583,70500,71500,65500,71000,69290,5233554,362627428260,2820,تپمپی,پمپ سازی ایران,بورس,17659,17909,16406,17784,17356
584,70990,73000,67070,71000,70190,7571855,531456553270,2287,تپمپی,پمپ سازی ایران,بورس,17782,18285,16800,17784,17581
585,225460,225460,204000,222000,217910,3555147,774684891950,9457,فمراد,آلومراد,بورس,31501,31501,28502,31017,30446
586,61983,61983,61983,61983,61983,1214749,75293787267,281,کپرور,فرآوری زغال سنگ پروده طبس,فرابورس,16120,16120,16120,16120,16120
587,74370,74371,72235,74371,74295,912265,67776600144,603,ثزاگرس,سرمایه گذاری توسعه عمران زاگرس,پایه زرد,74370,74371,72235,74371,74295
588,39710,39710,39010,39700,39690,45237995,1795579541850,13164,پارسان,گسترش نفت و گاز پارسیان,بورس,28343,28343,27843,28336,28329
589,22660,23750,22000,23000,22910,36932843,845997606790,5598,البرز,بیمه البرز,بورس,2242,2350,2177,2276,2267
590,151000,151000,150000,151000,149160,254313,38400144000,210,دپارس,پارس دارو,بورس,58959,58959,58568,58959,58240
591,61450,61450,59500,61450,61370,3408876,209187725260,2074,غاذر,کشت وصنعت پیاذر,بورس,27526,27526,26652,27526,27490
592,123000,128400,116190,126800,126650,7984358,1011251097190,7186,شپدیس,پتروشیمی پردیس,بورس,94748,98908,89502,97675,97560
593,176300,176320,172880,176320,176190,872092,153649543790,1685,سخاش,سیمان خاش,بورس,85107,85117,83456,85117,85054
594,43584,43584,43584,43584,43584,1109804,48369697536,282,فالوم,آلومتک,پایه زرد,23015,23015,23015,23015,23015
595,77587,77587,73069,77000,75175,207805,15621724649,251,گکیشح,ح.توریستی ورفاهی آبادگران کیش,نامعلوم,77587,77587,73069,77000,75175
596,7580,7642,7198,7642,7464,47246352,352668554366,4590,فبیرا,بسته بندی ایران,پایه زرد,7580,7642,7198,7642,7464
597,222750,222750,216700,222750,222600,2941157,654689004490,6513,کپارس,کاشی پارس,بورس,14083,14083,13700,14083,14073
598,16170,16170,16170,16170,15568,153601,2483728170,19,قیستو,شرکت قند بیستون,پایه زرد,5412,5412,5412,5412,5210
599,105900,105900,96960,105900,104490,20286622,2119735014820,4400,کساوه,صنایع کاشی و سرامیک سینا,بورس,82561,82561,75591,82561,81461
600,51188,51188,51188,51188,50297,166635,8529712380,135,غشوکو,شوکو پارس,پایه زرد,19028,19028,19028,19028,18697
601,123104,123104,114770,123000,120371,3123968,376035413269,2669,هجرت,پخش هجرت,فرابورس,26838,26838,25021,26815,26242
602,23000,25284,22876,25284,24096,56394542,1358895017949,11084,ثپردیس,سرمایه گذاری مسکن پردیس,فرابورس,15107,16607,15026,16607,15827
603,11566,11566,11566,11566,11566,116816247,1351096712802,15665,ذوب,سهامی ذوب آهن  اصفهان,فرابورس,9655,9655,9655,9655,9655
604,18220,18220,18220,18220,18220,4620429,84184216380,1005,ثنوسا,نوسازی وساختمان تهران,بورس,18220,18220,18220,18220,18220
605,17500,18220,17370,18220,18080,33107594,598547871570,6219,ثنوسا,نوسازی وساختمان تهران,بورس,17500,18220,17370,18220,18080
606,11840,12070,11820,12040,11920,23928326,285278623570,818,پارند,صندوق س. پارند پایدار سپهر,نامعلوم,11840,12070,11820,12040,11920
607,44000,44000,43120,43120,43400,1106400,48193748240,369,ساروم,سیمان ارومیه,بورس,22007,22007,21567,21567,21707
608,11001,11001,10500,11001,10988,107432648,1180522503373,10823,تلیسه,دامداری تلیسه نمونه,فرابورس,9824,9824,9376,9824,9812
609,149650,149717,142973,149717,148883,5071709,755091309799,8499,کمرجان,بازرگانی و تولیدی مرجان کار,فرابورس,9384,9389,8966,9389,9336
610,4152,4152,4152,4152,4073,1829370,7595544240,211,فسا,پتروشیمی فسا,پایه زرد,4123,4123,4123,4123,4044
611,80000,84000,76300,78090,78690,14030106,1104010063510,12489,ستران,سیمان تهران,بورس,6799,7139,6484,6636,6687
612,44440,46100,44440,46100,45980,8213089,377613390210,4868,فسازان,غلتک سازان سپاهان,بورس,9065,9403,9065,9403,9379
613,71000,73690,70500,73690,72300,3346626,241957332640,2073,فجر,فولاد امیرکبیرکاشان,بورس,5857,6079,5816,6079,5964
614,19200,19200,19200,19200,17486,2887856,55446835200,243,غفارس,شیر پاستوریزه پگاه فارس,فرابورس,18750,18750,18750,18750,17076
615,96818,107008,96818,106500,101800,14069268,1432254963470,10583,بکهنوج,تولید برق ماهتاب کهنوج,فرابورس,3818,4220,3818,4200,4014
616,37005,37900,36420,37550,37187,13185767,490333773923,26116,کزغال,زغال سنگ پروده طبس,فرابورس,14915,15276,14679,15135,14988
617,5290,5769,5152,5449,5531,30573058,169111984048,6759,تنوینح,ح . تامین سرمایه نوین,بورس,5290,5769,5152,5449,5531
618,61690,62650,60020,62640,62310,3714101,231417660530,3076,شوینده,مدیریت صنعت شوینده ت.ص.بهشهر,بورس,51680,52485,50281,52476,52200
619,30790,30790,30790,30790,30790,3728194,114791093260,454,حتاید,تایدواترخاورمیانه,بورس,3984,3984,3984,3984,3984
620,30122,35000,29550,35000,31835,5362383,170710600970,3554,غمینو,شرکت صنایع غذایی مینو شرق,فرابورس,10158,11803,9965,11803,10735
621,8880,8880,8880,8880,8880,3167097,28123821360,178,وتعاون,بیمه  تعاون,پایه زرد,3359,3359,3359,3359,3359
622,130120,130120,126010,130120,129730,2303834,298878143280,1994,غمهرا,تولیدی مهرام,بورس,13465,13465,13039,13465,13424
623,67248,67248,67248,67248,65134,265369,17845534512,105,زکشت,کشاورزی مکانیزه اصفهان کشت,فرابورس,30851,30851,30851,30851,29881
624,50410,50410,49990,50410,50410,212396096,10706346117620,73361,شپنا,پالایش نفت اصفهان,بورس,8263,8263,8194,8263,8263
625,13470,13494,12800,13494,13330,10934555,145756479389,1949,وایرا,سرمایه گذاری صنایع ایران,پایه زرد,4911,4919,4666,4919,4860
626,14610,14610,14000,14070,14580,143759841,2096000604650,14715,وپاسار,بانک  پاسارگاد,بورس,2865,2865,2745,2759,2859
627,72130,72130,72130,72130,72130,843917,60871733210,215,پسهند,صنایع لاستیکی سهند,بورس,56344,56344,56344,56344,56344
628,9500,9820,9410,9820,9760,63979986,624134551420,8149,خریخت,صنایع ریخته گری ایران,بورس,5425,5607,5373,5607,5573
629,41148,41148,39950,41148,40815,6707844,273782428175,4449,ثقزوی,شرکت عمران و سازندگی قزوین,پایه زرد,41148,41148,39950,41148,40815
630,64000,67200,62000,63997,64298,10553496,678568535208,7892,درهآور,دارویی ره آورد تامین,فرابورس,37322,39189,36156,37321,37496
631,29774,29774,29774,29774,29774,1763129,52495402846,523,حسیر,ریل سیر کوثر,فرابورس,14443,14443,14443,14443,14443
632,115990,115990,108200,112000,112441,1745108,196221926686,2704,غگلپا,شیر پاستوریزه پگاه گلپایگان,فرابورس,46919,46919,43767,45305,45483
633,37434,37434,37434,37434,37427,1614475,60436257150,294,ثعمرا,عمران و توسعه شاهد,فرابورس,35555,35555,35555,35555,35548
634,52561,52561,50060,52561,52360,8453846,442642213871,2925,بمیلا,توسعه سرمایه گذاری میلاد پارس,پایه زرد,18433,18433,17556,18433,18363
635,23610,25600,23610,25290,24190,54543273,1319483750950,10667,کچاد,معدنی وصنعتی چادرملو,بورس,3812,4133,3812,4083,3905
636,20000,20000,19000,19000,19321,86481012,1670892008004,23046,غپینو,پارس مینو,بورس,12736,12736,12099,12099,12304
637,200000,200000,200000,200000,200000,351550,70310000000,26,ویسرو,ص.ج.سرو رشد پایداریکم 50%تادیه,نامعلوم,500000,500000,500000,500000,500000
638,200000,200000,200000,200000,200000,490270,98054000000,34,ویسرو,ص.ج.سرو رشد پایداریکم 50%تادیه,نامعلوم,500000,500000,500000,500000,500000
639,200000,200000,200000,200000,200000,426120,85224000000,24,ویسرو,ص.ج.سرو رشد پایداریکم 50%تادیه,نامعلوم,500000,500000,500000,500000,500000
640,200000,200000,200000,200000,200000,12060,2412000000,3,ویسرو,ص.ج.سرو رشد پایداریکم 50%تادیه,نامعلوم,500000,500000,500000,500000,500000
641,12490,13110,11870,13110,12630,78689924,993982253260,10467,کسرام,پارس سرام,بورس,12490,13110,11870,13110,12630
642,15750,16279,14900,16279,16023,104677355,1677275820570,11599,ثتران,سرمایه گذاری مسکن تهران,فرابورس,10832,11196,10248,11196,11020
643,70290,70430,68100,70430,70300,1934461,135993438950,1198,درازک,دارویی رازک,بورس,17392,17427,16850,17427,17395
644,24650,24650,23216,24210,23909,184238045,4404927972047,16474,سامان,بانک سامان,پایه زرد,4181,4181,3938,4106,4055
645,32290,32290,31380,32290,32260,267565669,8630808555060,34717,اخابر,مخابرات ایران,بورس,30564,30564,29703,30564,30536
646,33630,33630,32300,33630,33500,8051805,269719439560,3516,ختراک,ریخته گری تراکتورسازی ایران,بورس,3044,3044,2924,3044,3032
647,45240,45240,45240,45240,45240,6952300,314522052000,896,خودکفا,اقتصادی و خودکفایی آزادگان,پایه زرد,24385,24385,24385,24385,24385
648,101000,105530,101000,105530,105270,1489121,156758130940,1274,جم پیلن,پلی پروپیلن جم - جم پیلن,بورس,68484,71555,68484,71555,71379
649,22920,22920,21200,21900,22270,63610404,1416803256460,12784,سدور,سیمان دورود,بورس,22746,22746,21039,21734,22101
650,4045,4045,3811,3990,3985,31565943,125796077820,3280,داراب,پتروشیمی داراب,پایه زرد,4021,4021,3788,3966,3961
651,143000,145900,139999,144000,142727,202728,28934768683,270,الماس,صندوق س.امین تدبیرگران فردا-س,نامعلوم,145536,148488,142482,146554,145258
652,73100,80780,73100,80740,77310,21178476,1637333303720,6510,کسعدی,کاشی سعدی,بورس,17228,19038,17228,19028,18220
653,22666,23927,21649,23900,22889,113734678,2603266248831,18282,ثفارس,عمران وتوسعه فارس,بورس,22178,23412,21183,23385,22396
654,10954,10975,10954,10975,10968,1540556,16896749283,115,ارمغان,ص سرمایه گذاری ارمغان ایرانیان,نامعلوم,10939,10960,10939,10960,10953
655,110290,110290,105650,110290,109550,2394183,262287138530,3960,غشان,شیرپاستوریزه پگاه خراسان,بورس,11515,11515,11030,11515,11438
656,5960,5960,5400,5960,5940,1264991339,7514437235750,48576,وپارس,بانک پارسیان,بورس,5960,5960,5400,5960,5940
657,30780,30780,30780,30780,30080,1838248,56581273440,345,غپاک,لبنیات پاک,بورس,30714,30714,30714,30714,30016
658,10388,10500,10319,10500,10401,10337252,107513714029,513,کمند,صندوق س. با درآمد ثابت کمند,نامعلوم,10388,10500,10319,10500,10401
659,19790,20640,18920,20180,19950,15921024,317597122310,6448,سپاها,سیمان سپاهان,بورس,13849,14443,13240,14122,13961
660,25434,27006,25434,27006,26514,3943180,104547757982,902,قشرین,قند شیرین خراسان,پایه زرد,9987,10604,9987,10604,10411
661,142650,147980,142500,146100,144700,186850,27036497160,413,بذر,صندوق س بذر امید آفرین-سهام,نامعلوم,142650,147980,142500,146100,144700
662,10310,10410,10310,10400,10360,2494060,25834645560,109,تداوم,صندوق تداوم اطمینان تمدن-ثابت,نامعلوم,10310,10410,10310,10400,10360
663,230010,230010,222000,230010,229876,131597,30250968573,237,شرنگی,شیمیایی رنگین,پایه زرد,10320,10320,9961,10320,10314
664,13504,13504,12976,13504,13427,10939940,146892611304,1058,ثاژن,سخت آژند,پایه قرمز,13496,13496,12968,13496,13419
665,17400,18200,17300,17460,17720,6342247,112403836970,2468,ختراکح,ح . ریخته گری تراکتورسازی,نامعلوم,17400,18200,17300,17460,17720
666,50030,50030,50030,50030,48720,488301,24429699030,319,قمرو,قند مرودشت,بورس,9006,9006,9006,9006,8770
667,25960,25960,25960,25960,25570,2926010,75959219600,765,کویر,تولیدی فولاد سپید فراب کویر,بورس,7213,7213,7213,7213,7104
668,97590,97590,97530,97590,97590,9489294,926059287650,2488,خراسان,پتروشیمی خراسان,بورس,67848,67848,67807,67848,67848
669,43990,45800,42850,45560,45010,3657520,164633670500,1720,شگل,گلتاش,بورس,14043,14621,13679,14545,14369
670,81330,81330,77460,81330,80810,12509423,1010827721510,12040,کالا,بورس کالای ایران,بورس,14758,14758,14055,14758,14663
671,12966,12966,12966,12966,12966,12566964,162943255224,2773,صبا,گروه مالی صبا تامین,فرابورس,3406,3406,3406,3406,3406
672,90000,91520,86000,91520,90770,6527313,592457073720,6437,افق,فروشگاههای زنجیره ای افق کوروش,بورس,11870,12071,11343,12071,11972
673,467970,467970,423450,467970,464560,3413918,1585962179360,12804,انرژی,بورس انرژی ایران,بورس,103604,103604,93748,103604,102849
674,15887,15887,15887,15887,15276,1,15887,1,غیوان,کیوان,پایه قرمز,15887,15887,15887,15887,15276
675,81000,85829,78000,83800,83381,3087045,257401048106,1596,افرا,افرانت,فرابورس,43113,45683,41516,44604,44380
676,27591,27749,27589,27744,27663,11191126,309577111842,1191,کیان,صندوق س. با درآمد ثابت کیان,نامعلوم,27591,27749,27589,27744,27663
677,21630,21648,21100,21648,21636,3175152,68696077800,599,فن آوا,گروه فن آوا,پایه زرد,9179,9187,8954,9187,9182
678,35480,35840,33000,35840,35510,8588631,305001514580,4040,لسرما,سرما آفرین,بورس,31362,31680,29169,31680,31388
679,36600,37329,35300,37329,37243,2748281,102354558720,1164,حاریا,کشتیرانی آریا,پایه نارنجی,36600,37329,35300,37329,37243
680,15550,15680,14450,15680,15480,15954804,247042853550,3834,پلاسک,پلاسکوکار,بورس,9733,9814,9044,9814,9689
681,33840,33900,32800,33900,33740,14822123,500157382040,6090,والبر,سرمایه گذاری البرز(هلدینگ,بورس,10143,10161,9831,10161,10113
682,19509,20501,19509,20501,20274,1499294,30395972663,382,سمتاز,سیمان ممتازان کرمان,پایه زرد,14948,15708,14948,15708,15534
683,12057,12057,11706,12057,12049,105547074,1271727960709,7122,خکرمان,سرمایه گذاری آرمان گستر پاریز,پایه زرد,11597,11597,11260,11597,11590
684,20480,20480,19550,20480,20420,376735902,7694673015260,37105,ومعادن,توسعه معادن وفلزات,بورس,5600,5600,5346,5600,5584
685,34890,34890,34100,34890,34880,18258241,636853150440,7435,لوتوس,تامین سرمایه لوتوس پارسیان,بورس,5468,5468,5344,5468,5466
686,30540,30540,29410,30540,30320,9920713,300775055580,2937,وپترو,سرمایه گذاری صنایع پتروشیمی,بورس,21567,21567,20769,21567,21412
687,40510,44250,40510,42650,42710,4131386,176433273290,2484,پرداخت,به پرداخت ملت,بورس,14181,15491,14181,14930,14951
688,92796,92796,92796,92796,89249,707,65606772,3,شسم,تولید سموم علف کش,پایه نارنجی,92706,92706,92706,92706,89162
689,10178,10178,10178,10178,10178,7301458,74314239524,841,وهنر,گروه توسعه هنر ایران,پایه زرد,9702,9702,9702,9702,9702
690,32704,32704,31752,32704,32485,4770428,154965954565,2359,غپونه,نوش پونه مشهد,پایه زرد,21795,21795,21160,21795,21649
691,10253,10550,10240,10550,10298,3572345,36788247201,317,دارا,صندوق س. دارا الگوریتم-د,پایه زرد,10240,10537,10227,10537,10285
692,11516,11516,11516,11516,5789,18776,216224416,2,ساذری,آذریت,پایه زرد,11516,11516,11516,11516,5789
693,1607,1607,1607,1607,1531,40,64280,1,فجوش,جوش و اکسیژن ایران,پایه زرد,7,7,7,7,7
694,1576,1576,1576,1576,1531,40,63040,1,فجوش,جوش و اکسیژن ایران,پایه زرد,7,7,7,7,7
695,1576,1576,1576,1576,1531,90,141840,3,فجوش,جوش و اکسیژن ایران,پایه زرد,7,7,7,7,7
696,1607,1607,1607,1607,1531,40,64280,1,فجوش,جوش و اکسیژن ایران,پایه زرد,7,7,7,7,7
697,1576,1576,1576,1576,1531,80,126080,2,فجوش,جوش و اکسیژن ایران,پایه زرد,7,7,7,7,7
698,1576,1576,1576,1576,1531,40,63040,1,فجوش,جوش و اکسیژن ایران,پایه زرد,7,7,7,7,7
699,1607,1607,1607,1607,1531,10,16070,1,فجوش,جوش و اکسیژن ایران,پایه زرد,7,7,7,7,7
700,1607,1607,1607,1607,1531,5000,8035000,1,فجوش,جوش و اکسیژن ایران,پایه زرد,7,7,7,7,7
701,260475,260475,253468,260475,260308,822607,214130868235,1511,شزنگ,تجهیزنیروی زنگان,پایه نارنجی,259542,259542,252560,259542,259376
702,222900,223233,215000,223232,220879,553041,122154937007,1447,کتوکا,تولیدی و خدمات صنایع نسوز توکا,فرابورس,16632,16657,16043,16657,16481
703,215010,220000,215010,218840,218440,224353,49006798990,854,فیروزه,صندوق شاخص30 شرکت فیروزه- سهام,نامعلوم,21496,21995,21496,21879,21839
704,28440,28440,27450,28100,28340,4316559,122352639450,2208,ددام,داروسازی زاگرس فارمد پارس,بورس,19392,19392,18717,19160,19324
705,108000,113267,103000,109000,107830,5747816,619785305229,11692,دتوزیع,توزیع دارو پخش,فرابورس,28289,29669,26980,28551,28245
706,50470,50470,49100,50470,50460,55023431,2776625023880,7174,رمپنا,گروه مپنا (سهامی عام),بورس,21301,21301,20723,21301,21297
707,65370,65370,65370,65370,65370,1139270,74474079900,90,سخزر,سیمان خزر,بورس,51779,51779,51779,51779,51779
708,39100,43200,39100,43200,40550,73026575,2961386032700,11618,وتوس,توسعه شهری توس گستر,بورس,30184,33349,30184,33349,31303
709,125900,130000,125110,130000,127030,256747,32614033550,535,صنوین,صندوق سرمایه گذاری صنوین-مختلط,نامعلوم,125900,130000,125110,130000,127030
710,12250,12250,12250,12250,12250,2658967,32572345750,598,شپترو,پتروشیمی آبادان,پایه زرد,8710,8710,8710,8710,8710
